transparent mesh count, total frame render time, shadow mapping time, geometry draw time, combination draw time
0,8.129536,4.856832,3.23072,8.087552
1,2.948096,1.892352,1.016832,2.909184
2,3.147776,2.156544,0.950272,3.106816
3,2.824192,1.835008,0.949248,2.784256
4,2.822144,1.855488,0.93184,2.787328
5,3.253248,2.24256,0.978944,3.221504
6,2.828288,1.845248,0.944128,2.789376
7,2.842624,1.862656,0.948224,2.81088
8,2.944,1.93024,0.980992,2.911232
9,3.146752,2.182144,0.932864,3.115008
10,2.824192,1.849344,0.943104,2.792448
11,4.707328,1.84832,2.829312,4.677632
12,2.919424,1.820672,1.063936,2.884608
13,3.080192,2.064384,0.986112,3.050496
14,3.00032,1.961984,1.009664,2.971648
15,3.26144,2.096128,1.137664,3.233792
16,3.044352,1.9968,1.019904,3.016704
17,3.769344,2.732032,1.00864,3.740672
18,3.513344,2.496512,0.98816,3.484672
19,2.866176,1.842176,0.995328,2.837504
20,3.27168,2.239488,1.002496,3.241984
21,3.192832,2.023424,1.14176,3.165184
22,3.039232,2.016256,0.99328,3.009536
23,2.968576,1.92,1.017856,2.937856
24,3.790848,2.745344,1.007616,3.75296
25,3.083264,2.055168,0.999424,3.054592
26,3.218432,2.19648,0.99328,3.18976
27,3.444736,2.340864,1.0752,3.416064
28,2.885632,1.85344,1.002496,2.855936
29,2.939904,1.84832,1.062912,2.911232
30,2.906112,1.862656,1.014784,2.87744
31,2.905088,1.862656,1.014784,2.87744
32,3.56352,2.5344,1.001472,3.535872
33,2.904064,1.85856,1.015808,2.874368
34,6.734848,4.11648,2.59072,6.7072
35,4.54656,1.893376,2.62144,4.514816
36,3.381248,2.326528,1.027072,3.3536
37,3.201024,2.061312,1.110016,3.171328
38,3.448832,2.399232,1.021952,3.421184
39,3.057664,1.9968,1.032192,3.028992
40,3.022848,1.944576,1.050624,2.9952
41,7.054336,4.47488,2.551808,7.026688
42,3.667968,2.612224,1.028096,3.64032
43,3.141632,2.10432,1.009664,3.113984
44,3.126272,2.059264,1.037312,3.096576
45,3.150848,1.983488,1.138688,3.122176
46,3.119104,2.08384,1.006592,3.090432
47,3.0976,2.030592,1.037312,3.067904
48,3.794944,2.719744,1.046528,3.766272
49,3.04128,1.977344,1.03424,3.011584
50,3.042304,1.973248,1.040384,3.013632
51,6.759424,4.103168,2.62656,6.729728
52,3.28704,2.139136,1.120256,3.259392
53,3.700736,2.648064,1.025024,3.673088
54,3.192832,2.132992,1.031168,3.16416
55,2.961408,1.896448,1.036288,2.932736
56,2.977792,1.902592,1.046528,2.94912
57,3.700736,2.638848,1.032192,3.67104
58,2.953216,1.885184,1.033216,2.9184
59,6.514688,3.767296,2.71872,6.486016
60,3.545088,2.48832,1.026048,3.514368
61,2.931712,1.875968,1.027072,2.90304
62,2.953216,1.882112,1.042432,2.924544
63,3.596288,2.538496,1.02912,3.567616
64,2.975744,1.895424,1.052672,2.948096
65,2.953216,1.869824,1.053696,2.92352
66,3.555328,2.496512,1.02912,3.525632
67,2.977792,1.903616,1.045504,2.94912
68,2.95936,1.903616,1.027072,2.930688
69,3.406848,2.239488,1.137664,3.377152
70,4.661248,1.907712,2.72384,4.631552
71,2.960384,1.887232,1.040384,2.927616
72,3.687424,2.461696,1.19808,3.659776
73,3.016704,1.906688,1.082368,2.989056
74,2.958336,1.891328,1.037312,2.92864
75,3.304448,2.11968,1.155072,3.274752
76,3.149824,2.064384,1.056768,3.121152
77,2.948096,1.88928,1.031168,2.920448
78,3.058688,1.871872,1.158144,3.030016
79,3.549184,2.482176,1.038336,3.520512
80,2.982912,1.918976,1.03424,2.953216
81,3.497984,2.347008,1.122304,3.469312
82,3.059712,1.965056,1.06496,3.030016
83,6.770688,4.179968,2.562048,6.742016
84,3.518464,2.444288,1.045504,3.489792
85,3.135488,2.056192,1.051648,3.10784
86,3.639296,2.465792,1.144832,3.610624
87,3.32288,2.233344,1.061888,3.295232
88,3.170304,2.086912,1.053696,3.140608
89,3.303424,2.041856,1.231872,3.273728
90,3.38944,2.19648,1.163264,3.359744
91,3.033088,1.886208,1.117184,3.003392
92,3.616768,2.368512,1.219584,3.588096
93,3.002368,1.924096,1.048576,2.972672
94,2.980864,1.908736,1.043456,2.952192
95,7.165952,3.943424,3.193856,7.13728
96,3.190784,2.080768,1.076224,3.156992
97,3.062784,1.953792,1.08032,3.034112
98,3.663872,2.557952,1.078272,3.636224
99,3.02592,1.949696,1.046528,2.996224
100,3.076096,1.961984,1.086464,3.048448
101,5.34528,4.217856,1.099776,5.317632
102,3.181568,2.015232,1.137664,3.152896
103,3.679232,2.59072,1.058816,3.649536
104,3.083264,2.016256,1.038336,3.054592
105,3.197952,1.988608,1.180672,3.16928
106,3.48672,2.374656,1.082368,3.457024
107,7.118848,4.69504,2.390016,7.085056
108,3.621888,2.528256,1.06496,3.593216
109,3.035136,1.93024,1.077248,3.007488
110,3.249152,2.072576,1.14688,3.219456
111,2.999296,1.911808,1.058816,2.970624
112,3.007488,1.923072,1.05472,2.977792
113,3.579904,2.480128,1.072128,3.552256
114,3.661824,2.589696,1.043456,3.633152
115,3.61472,2.388992,1.19808,3.587072
116,3.149824,2.036736,1.084416,3.121152
117,3.483648,2.338816,1.115136,3.453952
118,4.955136,2.21696,2.70848,4.92544
119,3.556352,2.377728,1.14688,3.524608
120,3.0208,1.933312,1.058816,2.992128
121,3.16928,1.974272,1.166336,3.140608
122,3.146752,2.049024,1.069056,3.11808
123,3.204096,1.997824,1.176576,3.1744
124,3.003392,1.907712,1.065984,2.973696
125,3.705856,2.613248,1.062912,3.67616
126,3.15904,2.006016,1.124352,3.130368
127,3.048448,1.938432,1.081344,3.019776
128,3.582976,2.387968,1.166336,3.554304
129,7.03488,4.224,2.781184,7.005184
130,3.608576,2.487296,1.092608,3.579904
131,3.234816,2.044928,1.161216,3.206144
132,3.283968,2.152448,1.101824,3.254272
133,3.245056,2.118656,1.096704,3.21536
134,3.862528,2.727936,1.10592,3.833856
135,3.339264,2.168832,1.140736,3.309568
136,3.8656,2.768896,1.068032,3.836928
137,3.245056,2.11968,1.096704,3.216384
138,3.876864,2.664448,1.184768,3.849216
139,3.055616,1.951744,1.0752,3.026944
140,3.262464,2.04288,1.191936,3.234816
141,3.150848,1.954816,1.16736,3.122176
142,3.223552,2.120704,1.074176,3.19488
143,3.150848,1.941504,1.181696,3.1232
144,3.487744,2.357248,1.101824,3.459072
145,3.083264,1.954816,1.099776,3.054592
146,3.725312,2.609152,1.08544,3.694592
147,3.069952,1.942528,1.098752,3.04128
148,3.319808,2.075648,1.214464,3.290112
149,3.24608,2.112512,1.10592,3.218432
150,3.074048,1.972224,1.073152,3.045376
151,6.633472,3.817472,2.787328,6.6048
152,5.69344,2.646016,3.014656,5.660672
153,3.154944,1.949696,1.175552,3.125248
154,3.580928,2.246656,1.3056,3.552256
155,3.29216,2.142208,1.12128,3.263488
156,3.726336,2.569216,1.128448,3.697664
157,3.774464,2.47296,1.271808,3.744768
158,3.245056,2.110464,1.104896,3.21536
159,3.248128,2.103296,1.114112,3.217408
160,3.775488,2.65216,1.093632,3.745792
161,3.488768,2.304,1.156096,3.460096
162,3.520512,2.372608,1.120256,3.492864
163,6.124544,3.569664,2.526208,6.095872
164,3.867648,2.69312,1.144832,3.837952
165,3.990528,2.855936,1.10592,3.961856
166,3.6352,2.366464,1.23904,3.605504
167,3.807232,2.577408,1.202176,3.779584
168,3.812352,2.67776,1.104896,3.782656
169,3.720192,2.572288,1.119232,3.69152
170,4.02944,2.86208,1.139712,4.001792
171,3.795968,2.614272,1.153024,3.767296
172,5.1712,1.977344,3.165184,5.142528
173,3.29728,1.968128,1.30048,3.268608
174,3.97312,2.788352,1.155072,3.943424
175,3.268608,2.062336,1.178624,3.24096
176,3.421184,2.259968,1.132544,3.392512
177,3.318784,2.093056,1.197056,3.290112
178,3.508224,2.348032,1.132544,3.480576
179,3.346432,2.10432,1.212416,3.316736
180,3.51232,2.317312,1.16736,3.484672
181,3.846144,2.637824,1.178624,3.816448
182,3.186688,1.984512,1.17248,3.156992
183,5.154816,1.96608,3.15904,5.12512
184,3.919872,2.697216,1.193984,3.8912
185,3.826688,2.6624,1.134592,3.796992
186,3.716096,2.435072,1.253376,3.688448
187,3.147776,1.969152,1.149952,3.119104
188,3.600384,2.289664,1.281024,3.570688
189,3.961856,2.772992,1.161216,3.934208
190,3.314688,2.10432,1.180672,3.284992
191,3.304448,2.10944,1.16736,3.2768
192,3.999744,2.835456,1.134592,3.970048
193,4.440064,2.006016,2.404352,4.410368
194,5.584896,2.839552,2.717696,5.557248
195,3.690496,2.497536,1.163264,3.6608
196,3.661824,2.325504,1.307648,3.633152
197,3.41504,2.203648,1.181696,3.385344
198,3.879936,2.5344,1.317888,3.852288
199,3.236864,2.028544,1.179648,3.208192
200,3.779584,2.536448,1.214464,3.750912
201,3.13856,1.956864,1.152,3.108864
202,3.17952,1.998848,1.152,3.150848
203,3.897344,2.507776,1.360896,3.868672
204,3.45088,2.244608,1.1776,3.422208
205,3.838976,2.545664,1.26464,3.810304
206,3.26656,2.070528,1.16736,3.237888
207,3.869696,2.690048,1.150976,3.841024
208,3.20512,2.008064,1.169408,3.177472
209,3.526656,2.337792,1.160192,3.497984
210,3.228672,2.00192,1.19808,3.2
211,3.1744,1.9968,1.149952,3.146752
212,3.935232,2.563072,1.34144,3.904512
213,3.465216,2.24768,1.178624,3.426304
214,3.70176,2.471936,1.201152,3.673088
215,3.427328,2.09408,1.303552,3.397632
216,6.992896,3.858432,3.105792,6.964224
217,3.685376,2.506752,1.148928,3.65568
218,3.229696,1.998848,1.201152,3.2
219,3.575808,2.354176,1.191936,3.546112
220,4.023296,2.710528,1.284096,3.994624
221,3.501056,2.296832,1.176576,3.473408
222,3.938304,2.661376,1.247232,3.908608
223,3.23072,1.990656,1.211392,3.202048
224,3.229696,2.008064,1.19296,3.201024
225,3.868672,2.625536,1.214464,3.84
226,5.812224,2.777088,3.007488,5.784576
227,6.969344,4.047872,2.88768,6.935552
228,3.26656,1.997824,1.241088,3.238912
229,3.523584,2.161664,1.333248,3.494912
230,3.329024,2.008064,1.292288,3.300352
231,3.738624,2.533376,1.176576,3.709952
232,4.074496,2.828288,1.216512,4.0448
233,3.8656,2.610176,1.226752,3.836928
234,3.787776,2.458624,1.299456,3.75808
235,3.262464,2.018304,1.215488,3.233792
236,3.716096,2.44736,1.240064,3.687424
237,3.407872,2.127872,1.251328,3.3792
238,3.704832,2.500608,1.176576,3.677184
239,3.887104,2.630656,1.226752,3.857408
240,3.217408,2.026496,1.161216,3.187712
241,3.201024,2.006016,1.16736,3.173376
242,3.933184,2.712576,1.190912,3.903488
243,3.994624,2.75968,1.205248,3.964928
244,4.10624,2.859008,1.216512,4.07552
245,3.54816,2.294784,1.225728,3.520512
246,3.636224,2.254848,1.35168,3.606528
247,6.37952,3.606528,2.745344,6.351872
248,3.411968,2.126848,1.2544,3.381248
249,3.469312,2.178048,1.261568,3.439616
250,3.289088,2.084864,1.174528,3.259392
251,3.547136,2.321408,1.197056,3.518464
252,3.972096,2.649088,1.294336,3.943424
253,3.67104,2.405376,1.236992,3.642368
254,3.883008,2.5856,1.268736,3.854336
255,4.030464,2.725888,1.275904,4.001792
256,3.473408,2.209792,1.235968,3.44576
257,3.247104,2.028544,1.190912,3.219456
258,3.523584,2.280448,1.214464,3.494912
259,3.557376,2.185216,1.343488,3.528704
260,3.303424,2.06336,1.211392,3.274752
261,3.273728,2.01216,1.23392,3.24608
262,3.902464,2.668544,1.206272,3.874816
263,3.58912,2.193408,1.36704,3.560448
264,3.362816,2.111488,1.221632,3.33312
265,3.383296,2.132992,1.222656,3.355648
266,3.28704,2.060288,1.199104,3.259392
267,3.3024,2.039808,1.232896,3.272704
268,3.858432,2.538496,1.291264,3.82976
269,3.459072,2.184192,1.246208,3.4304
270,3.38944,2.120704,1.241088,3.361792
271,3.457024,2.189312,1.23904,3.428352
272,3.326976,2.06336,1.232896,3.296256
273,3.731456,2.427904,1.272832,3.700736
274,4.154368,2.927616,1.197056,4.124672
275,4.096,2.814976,1.252352,4.067328
276,7.636992,4.286464,3.321856,7.60832
277,3.499008,2.197504,1.272832,3.470336
278,3.56864,2.234368,1.304576,3.538944
279,4.08576,2.818048,1.23904,4.057088
280,3.551232,2.172928,1.348608,3.521536
281,3.316736,2.044928,1.243136,3.288064
282,3.344384,2.045952,1.26976,3.315712
283,3.933184,2.648064,1.256448,3.904512
284,4.13184,2.781184,1.321984,4.103168
285,3.644416,2.23744,1.378304,3.615744
286,5.18656,2.323456,2.835456,5.158912
287,7.074816,3.931136,3.110912,7.042048
288,3.470336,2.174976,1.267712,3.442688
289,3.779584,2.48832,1.262592,3.750912
290,3.950592,2.65728,1.26464,3.92192
291,3.93216,2.639872,1.263616,3.903488
292,3.851264,2.39616,1.426432,3.822592
293,3.48672,2.125824,1.332224,3.458048
294,3.520512,2.254848,1.236992,3.49184
295,4.151296,2.843648,1.278976,4.122624
296,3.47648,2.134016,1.314816,3.448832
297,5.405696,2.061312,3.314688,5.376
298,4.04992,2.680832,1.339392,4.020224
299,3.44064,2.162688,1.248256,3.410944
300,3.456,2.166784,1.260544,3.427328
301,3.888128,2.648064,1.212416,3.86048
302,3.889152,2.542592,1.316864,3.859456
303,3.984384,2.507776,1.445888,3.953664
304,3.400704,2.148352,1.222656,3.371008
305,3.49184,2.167808,1.296384,3.464192
306,4.125696,2.766848,1.330176,4.097024
307,7.770112,4.39296,3.34848,7.74144
308,3.43552,2.154496,1.251328,3.405824
309,3.443712,2.16576,1.250304,3.416064
310,4.046848,2.716672,1.301504,4.018176
311,4.056064,2.737152,1.291264,4.028416
312,3.658752,2.25792,1.371136,3.629056
313,3.35872,2.061312,1.267712,3.329024
314,3.69152,2.407424,1.256448,3.663872
315,4.119552,2.860032,1.229824,4.089856
316,3.682304,2.236416,1.417216,3.653632
317,3.55328,2.282496,1.243136,3.525632
318,3.385344,2.071552,1.284096,3.355648
319,3.556352,2.254848,1.270784,3.525632
320,3.44064,2.16064,1.251328,3.411968
321,3.47136,2.127872,1.314816,3.442688
322,3.426304,2.057216,1.34144,3.398656
323,3.885056,2.460672,1.395712,3.856384
324,3.472384,2.166784,1.276928,3.443712
325,3.584,2.29376,1.261568,3.555328
326,3.3536,2.072576,1.251328,3.323904
327,3.749888,2.440192,1.282048,3.72224
328,6.852608,3.646464,3.178496,6.82496
329,3.864576,2.471936,1.363968,3.835904
330,3.4048,2.076672,1.30048,3.377152
331,3.565568,2.09408,1.44384,3.53792
332,3.4816,2.178048,1.273856,3.451904
333,4.000768,2.674688,1.297408,3.972096
334,4.248576,2.937856,1.283072,4.220928
335,3.91168,2.510848,1.371136,3.881984
336,4.253696,2.96448,1.260544,4.225024
337,3.65568,2.264064,1.355776,3.61984
338,3.480576,2.15552,1.291264,3.446784
339,3.52768,2.100224,1.39776,3.497984
340,3.521536,2.220032,1.272832,3.492864
341,3.699712,2.330624,1.339392,3.670016
342,4.16768,2.83136,1.308672,4.140032
343,3.912704,2.552832,1.3312,3.884032
344,3.443712,2.0992,1.316864,3.416064
345,3.646464,2.307072,1.31072,3.617792
346,3.689472,2.393088,1.268736,3.661824
347,4.258816,2.906112,1.324032,4.230144
348,6.562816,3.70176,2.83136,6.53312
349,3.971072,2.496512,1.439744,3.936256
350,3.729408,2.310144,1.389568,3.699712
351,6.08256,2.08896,3.965952,6.054912
352,4.32128,2.985984,1.304576,4.29056
353,4.148224,2.837504,1.282048,4.119552
354,3.936256,2.438144,1.470464,3.908608
355,3.439616,2.122752,1.288192,3.410944
356,3.447808,2.093056,1.32608,3.419136
357,3.894272,2.49856,1.368064,3.866624
358,6.623232,3.51744,3.078144,6.595584
359,3.787776,2.351104,1.408,3.759104
360,3.46624,2.11456,1.323008,3.437568
361,3.725312,2.371584,1.325056,3.69664
362,3.598336,2.215936,1.352704,3.56864
363,3.780608,2.45248,1.299456,3.751936
364,3.772416,2.415616,1.329152,3.744768
365,4.097024,2.721792,1.34656,4.068352
366,4.064256,2.69824,1.338368,4.036608
367,7.21408,4.175872,3.009536,7.185408
368,3.596288,2.213888,1.349632,3.56352
369,3.617792,2.223104,1.36704,3.590144
370,4.093952,2.664448,1.401856,4.066304
371,3.584,2.246656,1.308672,3.555328
372,3.474432,2.143232,1.302528,3.44576
373,3.473408,2.134016,1.31072,3.444736
374,3.841024,2.518016,1.293312,3.811328
375,4.15232,2.7904,1.332224,4.122624
376,4.330496,2.991104,1.309696,4.3008
377,7.196672,3.91168,3.247104,7.158784
378,3.955712,2.60608,1.314816,3.920896
379,3.477504,2.123776,1.324032,3.447808
380,3.756032,2.258944,1.468416,3.72736
381,4.21888,2.758656,1.431552,4.190208
382,4.005888,2.581504,1.394688,3.976192
383,4.058112,2.502656,1.526784,4.02944
384,4.284416,2.939904,1.31584,4.255744
385,3.810304,2.47296,1.308672,3.781632
386,3.95776,2.482176,1.447936,3.930112
387,3.510272,2.139136,1.34144,3.480576
388,4.250624,2.83648,1.385472,4.221952
389,4.191232,2.796544,1.366016,4.16256
390,3.549184,2.147328,1.374208,3.521536
391,4.217856,2.791424,1.396736,4.18816
392,4.074496,2.69824,1.348608,4.046848
393,3.750912,2.38592,1.335296,3.721216
394,3.832832,2.454528,1.348608,3.803136
395,7.324672,4.62848,2.668544,7.297024
396,3.682304,2.238464,1.416192,3.654656
397,4.092928,2.676736,1.38752,4.064256
398,4.19328,2.78016,1.384448,4.164608
399,4.105216,2.741248,1.33632,4.077568
400,4.379648,2.999296,1.350656,4.349952
401,3.670016,2.340864,1.30048,3.641344
402,3.985408,2.578432,1.378304,3.956736
403,4.282368,2.886656,1.366016,4.252672
404,7.763968,3.989504,3.745792,7.735296
405,4.4032,3.016704,1.353728,4.370432
406,3.84512,2.453504,1.36192,3.815424
407,4.314112,2.931712,1.352704,4.284416
408,3.694592,2.290688,1.375232,3.66592
409,3.530752,2.13504,1.368064,3.503104
410,3.598336,2.13504,1.435648,3.570688
411,4.390912,3.022848,1.339392,4.36224
412,4.389888,3.042304,1.319936,4.36224
413,7.312384,4.170752,3.111936,7.282688
414,3.633152,2.267136,1.338368,3.605504
415,4.091904,2.610176,1.452032,4.062208
416,4.186112,2.833408,1.324032,4.15744
417,3.93728,2.593792,1.314816,3.908608
418,4.21888,2.873344,1.314816,4.18816
419,4.025344,2.640896,1.355776,3.996672
420,4.096,2.624512,1.442816,4.067328
421,3.9424,2.583552,1.3312,3.914752
422,6.884352,3.795968,3.054592,6.85056
423,3.628032,2.246656,1.352704,3.59936
424,4.086784,2.709504,1.349632,4.059136
425,4.047872,2.55488,1.46432,4.0192
426,3.59424,2.184192,1.380352,3.564544
427,4.196352,2.715648,1.452032,4.16768
428,4.05504,2.66752,1.358848,4.026368
429,3.694592,2.313216,1.352704,3.66592
430,4.164608,2.782208,1.354752,4.13696
431,7.302144,4.415488,2.849792,7.26528
432,3.873792,2.372608,1.466368,3.838976
433,3.874816,2.3808,1.46432,3.84512
434,3.662848,2.198528,1.436672,3.6352
435,4.099072,2.61632,1.45408,4.0704
436,3.693568,2.311168,1.353728,3.664896
437,3.54816,2.171904,1.347584,3.519488
438,3.651584,2.269184,1.352704,3.621888
439,3.74272,2.33472,1.380352,3.715072
440,3.723264,2.33984,1.355776,3.695616
441,4.255744,2.880512,1.345536,4.226048
442,3.59936,2.205696,1.363968,3.569664
443,3.77344,2.402304,1.343488,3.745792
444,3.725312,2.330624,1.364992,3.695616
445,3.576832,2.193408,1.354752,3.54816
446,3.59936,2.168832,1.399808,3.56864
447,3.612672,2.260992,1.324032,3.585024
448,3.70688,2.316288,1.362944,3.679232
449,6.61504,3.726336,2.860032,6.586368
450,3.693568,2.30912,1.355776,3.664896
451,4.246528,2.855936,1.36192,4.217856
452,4.073472,2.695168,1.349632,4.0448
453,3.7632,2.373632,1.36192,3.735552
454,3.577856,2.202624,1.34656,3.549184
455,3.639296,2.18112,1.42848,3.6096
456,3.67104,2.290688,1.349632,3.64032
457,4.388864,2.97472,1.384448,4.359168
458,3.885056,2.39616,1.460224,3.856384
459,3.675136,2.286592,1.360896,3.647488
460,4.033536,2.57024,1.432576,4.002816
461,4.153344,2.784256,1.340416,4.124672
462,3.835904,2.446336,1.360896,3.807232
463,3.612672,2.228224,1.355776,3.584
464,3.615744,2.207744,1.379328,3.587072
465,3.690496,2.280448,1.381376,3.661824
466,3.79392,2.400256,1.363968,3.764224
467,6.784,4.06016,2.695168,6.755328
468,4.374528,2.99008,1.3568,4.34688
469,3.612672,2.235392,1.349632,3.585024
470,3.743744,2.330624,1.383424,3.714048
471,3.974144,2.496512,1.449984,3.946496
472,4.245504,2.740224,1.475584,4.215808
473,3.71712,2.312192,1.37728,3.689472
474,3.621888,2.202624,1.389568,3.592192
475,3.812352,2.366464,1.417216,3.78368
476,7.119872,4.416512,2.675712,7.092224
477,4.502528,3.115008,1.358848,4.473856
478,4.205568,2.789376,1.386496,4.175872
479,3.786752,2.419712,1.337344,3.757056
480,3.708928,2.323456,1.354752,3.678208
481,3.668992,2.292736,1.347584,3.64032
482,3.688448,2.296832,1.36192,3.658752
483,4.1216,2.583552,1.509376,4.092928
484,9.838592,5.351424,4.458496,9.80992
485,3.825664,2.427904,1.363968,3.791872
486,4.011008,2.533376,1.449984,3.98336
487,3.943424,2.445312,1.468416,3.913728
488,4.48512,3.096576,1.359872,4.456448
489,4.302848,2.875392,1.398784,4.274176
490,3.914752,2.531328,1.354752,3.88608
491,3.653632,2.213888,1.410048,3.623936
492,3.713024,2.311168,1.373184,3.684352
493,3.810304,2.446336,1.335296,3.781632
494,7.49056,4.18816,3.273728,7.461888
495,3.879936,2.400256,1.451008,3.851264
496,4.276224,2.870272,1.378304,4.248576
497,4.228096,2.82112,1.378304,4.199424
498,3.653632,2.255872,1.369088,3.62496
499,3.6608,2.229248,1.40288,3.632128
500,4.268032,2.745344,1.491968,4.237312
501,3.946496,2.550784,1.36704,3.917824
502,3.77344,2.223104,1.52064,3.743744
503,3.65568,2.259968,1.368064,3.628032
504,3.88608,2.409472,1.447936,3.857408
505,4.410368,2.983936,1.39776,4.381696
506,4.133888,2.751488,1.353728,4.105216
507,3.887104,2.430976,1.427456,3.858432
508,3.779584,2.357248,1.393664,3.750912
509,3.68128,2.295808,1.357824,3.653632
510,3.617792,2.24256,1.34656,3.58912
511,3.725312,2.322432,1.374208,3.69664
512,8.751104,3.908608,4.813824,8.722432
513,3.821568,2.436096,1.3568,3.792896
514,3.980288,2.484224,1.467392,3.951616
515,4.466688,3.063808,1.374208,4.438016
516,3.954688,2.552832,1.374208,3.92704
517,3.639296,2.244608,1.366016,3.610624
518,3.866624,2.327552,1.509376,3.836928
519,4.36736,2.853888,1.482752,4.33664
520,4.306944,2.905088,1.37216,4.277248
521,4.483072,3.063808,1.384448,4.448256
522,3.639296,2.256896,1.353728,3.610624
523,3.7632,2.362368,1.371136,3.733504
524,3.960832,2.438144,1.494016,3.93216
525,4.182016,2.664448,1.488896,4.153344
526,4.529152,3.139584,1.36192,4.501504
527,4.23936,2.844672,1.364992,4.209664
528,4.544512,3.136512,1.379328,4.51584
529,4.15232,2.72896,1.393664,4.122624
530,6.106112,3.03104,3.039232,6.070272
531,4.123648,2.609152,1.4848,4.093952
532,4.257792,2.781184,1.446912,4.228096
533,3.884032,2.470912,1.384448,3.85536
534,3.730432,2.341888,1.359872,3.70176
535,3.652608,2.262016,1.36192,3.623936
536,3.756032,2.325504,1.401856,3.72736
537,4.084736,2.56512,1.490944,4.056064
538,4.169728,2.673664,1.466368,4.140032
539,3.759104,2.343936,1.380352,3.724288
540,4.267008,2.809856,1.429504,4.23936
541,4.43904,2.960384,1.447936,4.40832
542,3.718144,2.29888,1.390592,3.689472
543,3.868672,2.430976,1.408,3.838976
544,4.5056,3.05664,1.421312,4.477952
545,3.67104,2.270208,1.373184,3.643392
546,7.897088,4.768768,3.099648,7.868416
547,3.798016,2.36544,1.39776,3.7632
548,3.618816,2.230272,1.360896,3.591168
549,3.964928,2.427904,1.507328,3.935232
550,4.455424,3.035136,1.391616,4.426752
551,3.733504,2.276352,1.429504,3.705856
552,3.80416,2.381824,1.39264,3.774464
553,3.769344,2.354176,1.386496,3.740672
554,3.849216,2.338816,1.480704,3.81952
555,3.877888,2.436096,1.412096,3.848192
556,4.237312,2.740224,1.467392,4.207616
557,4.108288,2.675712,1.403904,4.079616
558,3.72736,2.297856,1.400832,3.698688
559,3.781632,2.281472,1.472512,3.753984
560,4.491264,3.064832,1.398784,4.463616
561,3.69152,2.286592,1.376256,3.662848
562,3.794944,2.271232,1.49504,3.766272
563,4.025344,2.46784,1.529856,3.997696
564,3.7632,2.262016,1.472512,3.734528
565,4.054016,2.509824,1.51552,4.025344
566,4.378624,2.976768,1.374208,4.350976
567,4.048896,2.623488,1.394688,4.018176
568,3.806208,2.410496,1.36704,3.777536
569,3.743744,2.315264,1.39776,3.713024
570,4.494336,3.027968,1.436672,4.46464
571,3.928064,2.527232,1.373184,3.900416
572,3.708928,2.28352,1.39776,3.68128
573,3.900416,2.485248,1.386496,3.871744
574,4.370432,2.87232,1.46944,4.34176
575,3.843072,2.414592,1.399808,3.8144
576,4.171776,2.658304,1.4848,4.143104
577,4.051968,2.634752,1.38752,4.022272
578,3.955712,2.432,1.49504,3.92704
579,3.964928,2.548736,1.386496,3.935232
580,3.933184,2.413568,1.490944,3.904512
581,3.813376,2.368512,1.410048,3.77856
582,3.698688,2.302976,1.366016,3.668992
583,4.145152,2.594816,1.52064,4.115456
584,3.70688,2.305024,1.374208,3.679232
585,4.630528,3.2,1.40288,4.60288
586,3.712,2.292736,1.389568,3.682304
587,4.446208,3.004416,1.412096,4.416512
588,4.36224,2.956288,1.378304,4.334592
589,7.356416,4.43392,2.893824,7.327744
590,4.303872,2.883584,1.390592,4.274176
591,4.137984,2.607104,1.502208,4.109312
592,3.982336,2.56512,1.389568,3.954688
593,3.981312,2.448384,1.504256,3.95264
594,3.926016,2.49856,1.39776,3.89632
595,3.817472,2.407424,1.381376,3.7888
596,4.467712,3.039232,1.399808,4.43904
597,7.870464,4.220928,3.615744,7.836672
598,4.235264,2.818048,1.388544,4.206592
599,4.004864,2.54976,1.425408,3.975168
600,4.393984,2.955264,1.410048,4.365312
601,3.91168,2.470912,1.41312,3.884032
602,4.513792,3.080192,1.403904,4.484096
603,3.879936,2.460672,1.391616,3.852288
604,3.995648,2.563072,1.403904,3.966976
605,4.072448,2.532352,1.511424,4.043776
606,3.992576,2.548736,1.414144,3.96288
607,4.570112,3.147776,1.393664,4.54144
608,3.741696,2.323456,1.388544,3.712
609,3.867648,2.423808,1.415168,3.838976
610,4.104192,2.573312,1.502208,4.07552
611,4.018176,2.589696,1.400832,3.990528
612,3.888128,2.443264,1.416192,3.859456
613,3.858432,2.335744,1.492992,3.828736
614,9.34912,4.542464,4.77696,9.319424
615,4.405248,2.853888,1.517568,4.371456
616,3.9168,2.481152,1.405952,3.887104
617,3.774464,2.310144,1.435648,3.745792
618,4.42368,2.869248,1.52576,4.395008
619,4.051968,2.625536,1.39776,4.023296
620,3.954688,2.512896,1.412096,3.924992
621,4.586496,3.152896,1.404928,4.557824
622,3.7888,2.312192,1.447936,3.760128
623,7.524352,4.202496,3.293184,7.49568
624,3.87584,2.430976,1.416192,3.847168
625,3.883008,2.343936,1.5104,3.854336
626,4.676608,3.214336,1.4336,4.647936
627,3.972096,2.509824,1.4336,3.943424
628,3.808256,2.330624,1.447936,3.77856
629,4.596736,3.145728,1.422336,4.568064
630,4.02432,2.574336,1.421312,3.995648
631,4.503552,3.011584,1.45408,4.465664
632,3.97824,2.518016,1.431552,3.949568
633,4.267008,2.834432,1.40288,4.237312
634,3.898368,2.459648,1.410048,3.869696
635,4.463616,3.016704,1.417216,4.43392
636,3.87584,2.435072,1.412096,3.847168
637,4.057088,2.505728,1.522688,4.028416
638,4.128768,2.659328,1.439744,4.099072
639,8.543232,5.553152,2.961408,8.51456
640,3.995648,2.54464,1.422336,3.966976
641,4.49536,2.925568,1.54112,4.466688
642,3.972096,2.511872,1.431552,3.943424
643,4.431872,2.981888,1.420288,4.402176
644,3.98336,2.516992,1.437696,3.954688
645,3.841024,2.366464,1.446912,3.813376
646,4.442112,2.857984,1.555456,4.41344
647,3.999744,2.514944,1.451008,3.965952
648,4.022272,2.577408,1.416192,3.9936
649,4.347904,2.788352,1.53088,4.319232
650,4.127744,2.629632,1.470464,4.100096
651,9.06752,5.336064,3.70176,9.037824
652,4.580352,3.126272,1.425408,4.55168
653,3.811328,2.362368,1.420288,3.782656
654,4.166656,2.523136,1.615872,4.139008
655,9.129984,4.631552,4.465664,9.097216
656,3.979264,2.473984,1.471488,3.945472
657,4.287488,2.799616,1.4592,4.258816
658,4.089856,2.628608,1.4336,4.062208
659,4.550656,3.007488,1.514496,4.521984
660,3.969024,2.5088,1.431552,3.940352
661,4.456448,2.90816,1.518592,4.426752
662,3.871744,2.4064,1.436672,3.843072
663,4.01408,2.49856,1.486848,3.985408
664,3.790848,2.330624,1.431552,3.762176
665,4.36736,2.904064,1.4336,4.337664
666,4.206592,2.644992,1.531904,4.176896
667,4.319232,2.843648,1.446912,4.29056
668,3.815424,2.36544,1.421312,3.786752
669,4.632576,3.162112,1.442816,4.604928
670,3.884032,2.376704,1.47968,3.856384
671,4.506624,2.95424,1.524736,4.478976
672,4.226048,2.750464,1.445888,4.196352
673,4.463616,2.991104,1.442816,4.43392
674,3.976192,2.504704,1.44384,3.948544
675,4.452352,2.975744,1.44896,4.424704
676,4.170752,2.694144,1.446912,4.141056
677,4.030464,2.50368,1.498112,4.001792
678,4.404224,2.930688,1.444864,4.375552
679,4.540416,3.059712,1.452032,4.511744
680,8.794112,3.913728,4.84864,8.762368
681,7.433216,3.187712,4.210688,7.3984
682,4.009984,2.5344,1.447936,3.982336
683,4.527104,3.03616,1.462272,4.498432
684,3.940352,2.466816,1.44384,3.910656
685,4.54144,3.068928,1.44384,4.512768
686,4.073472,2.599936,1.444864,4.0448
687,4.677632,3.211264,1.436672,4.647936
688,7.035904,3.864576,3.142656,7.007232
689,4.119552,2.6368,1.455104,4.091904
690,4.145152,2.676736,1.439744,4.11648
691,4.293632,2.711552,1.552384,4.263936
692,4.114432,2.642944,1.442816,4.08576
693,4.434944,2.765824,1.640448,4.406272
694,4.277248,2.804736,1.444864,4.2496
695,7.103488,3.9168,3.158016,7.074816
696,4.260864,2.789376,1.440768,4.230144
697,3.950592,2.470912,1.449984,3.920896
698,4.54656,3.078144,1.440768,4.518912
699,4.071424,2.601984,1.440768,4.042752
700,4.639744,3.152896,1.4592,4.612096
701,3.936256,2.382848,1.52576,3.908608
702,4.260864,2.787328,1.445888,4.233216
703,6.144,2.528256,3.588096,6.116352
704,4.66944,3.180544,1.45408,4.634624
705,4.363264,2.789376,1.545216,4.334592
706,4.048896,2.568192,1.453056,4.021248
707,4.03456,2.460672,1.544192,4.004864
708,4.39296,2.902016,1.463296,4.365312
709,4.103168,2.51392,1.5616,4.07552
710,4.026368,2.537472,1.460224,3.997696
711,6.967296,3.866624,3.072,6.938624
712,4.033536,2.495488,1.5104,4.005888
713,4.356096,2.866176,1.460224,4.3264
714,4.417536,2.830336,1.557504,4.38784
715,4.278272,2.719744,1.53088,4.250624
716,4.130816,2.53952,1.5616,4.10112
717,4.0704,2.589696,1.449984,4.03968
718,4.108288,2.507776,1.57184,4.079616
719,4.228096,2.747392,1.452032,4.199424
720,8.984576,4.332544,4.617216,8.94976
721,3.98336,2.410496,1.540096,3.950592
722,4.05504,2.526208,1.501184,4.027392
723,4.169728,2.680832,1.4592,4.140032
724,4.077568,2.542592,1.506304,4.048896
725,4.344832,2.857984,1.458176,4.31616
726,4.012032,2.490368,1.492992,3.98336
727,8.859648,5.79072,3.038208,8.828928
728,4.51072,3.012608,1.46944,4.482048
729,4.637696,3.073024,1.534976,4.608
730,3.895296,2.399232,1.466368,3.8656
731,4.621312,3.121152,1.470464,4.591616
732,4.703232,3.07712,1.596416,4.673536
733,4.108288,2.59584,1.483776,4.079616
734,4.5568,3.02592,1.502208,4.528128
735,3.89632,2.405376,1.462272,3.867648
736,4.36224,2.84672,1.486848,4.333568
737,4.368384,2.762752,1.577984,4.340736
738,4.056064,2.5344,1.492992,4.027392
739,4.450304,2.8416,1.580032,4.421632
740,4.009984,2.491392,1.48992,3.981312
741,4.278272,2.771968,1.478656,4.250624
742,4.17792,2.659328,1.490944,4.150272
743,4.820992,3.304448,1.483776,4.788224
744,4.062208,2.5344,1.498112,4.032512
745,4.59264,3.075072,1.488896,4.563968
746,4.31616,2.681856,1.605632,4.287488
747,3.905536,2.382848,1.494016,3.876864
748,4.726784,3.188736,1.509376,4.698112
749,4.521984,2.997248,1.497088,4.494336
750,9.146368,4.400128,4.717568,9.117696
751,4.624384,3.095552,1.494016,4.589568
752,4.103168,2.56,1.514496,4.074496
753,4.20864,2.70336,1.475584,4.178944
754,4.57216,2.927616,1.614848,4.542464
755,3.917824,2.408448,1.47456,3.883008
756,4.749312,3.224576,1.49504,4.719616
757,4.009984,2.441216,1.540096,3.981312
758,9.824256,6.815744,2.978816,9.79456
759,4.134912,2.596864,1.5104,4.107264
760,4.325376,2.794496,1.501184,4.29568
761,3.944448,2.425856,1.48992,3.915776
762,4.427776,2.893824,1.50528,4.399104
763,4.18304,2.56,1.595392,4.155392
764,4.184064,2.643968,1.5104,4.154368
765,4.325376,2.701312,1.594368,4.29568
766,4.728832,3.216384,1.483776,4.70016
767,4.742144,3.216384,1.498112,4.714496
768,4.29056,2.67264,1.589248,4.261888
769,4.099072,2.561024,1.509376,4.0704
770,4.604928,3.072,1.503232,4.575232
771,4.291584,2.64192,1.620992,4.262912
772,3.981312,2.453504,1.50016,3.953664
773,4.744192,3.197952,1.516544,4.714496
774,8.998912,5.748736,3.222528,8.971264
775,4.7104,3.104768,1.575936,4.680704
776,4.038656,2.49344,1.516544,4.009984
777,4.827136,3.286016,1.511424,4.79744
778,4.178944,2.537472,1.6128,4.150272
779,4.196352,2.664448,1.503232,4.16768
780,4.692992,3.150848,1.514496,4.665344
781,8.918016,5.864448,3.024896,8.889344
782,4.074496,2.535424,1.5104,4.045824
783,3.992576,2.45248,1.5104,3.96288
784,4.584448,3.026944,1.528832,4.555776
785,4.552704,2.912256,1.610752,4.523008
786,4.296704,2.763776,1.504256,4.268032
787,4.461568,2.89792,1.536,4.43392
788,4.64384,3.022848,1.591296,4.614144
789,7.72608,3.13856,4.553728,7.692288
790,4.4032,2.771968,1.601536,4.373504
791,4.03968,2.510848,1.501184,4.012032
792,4.127744,2.58048,1.517568,4.098048
793,4.509696,2.945024,1.536,4.481024
794,4.801536,3.229696,1.542144,4.77184
795,4.089856,2.469888,1.59232,4.062208
796,6.41024,2.556928,3.823616,6.380544
797,4.861952,3.300352,1.533952,4.834304
798,4.137984,2.594816,1.514496,4.109312
799,4.373504,2.69824,1.646592,4.344832
800,4.033536,2.482176,1.52064,4.002816
801,4.13696,2.573312,1.534976,4.108288
802,3.990528,2.450432,1.511424,3.961856
803,5.87776,4.298752,1.549312,5.848064
804,4.25472,2.584576,1.635328,4.219904
805,4.020224,2.477056,1.513472,3.990528
806,4.87936,3.320832,1.529856,4.850688
807,4.677632,2.962432,1.685504,4.647936
808,4.267008,2.69312,1.54624,4.23936
809,4.62336,3.054592,1.540096,4.594688
810,4.678656,3.035136,1.613824,4.64896
811,7.573504,4.41856,3.121152,7.539712
812,4.272128,2.7136,1.528832,4.242432
813,4.34688,2.794496,1.523712,4.318208
814,4.6848,3.011584,1.64352,4.655104
815,4.901888,3.335168,1.538048,4.873216
816,4.578304,3.019776,1.528832,4.548608
817,4.819968,3.253248,1.538048,4.791296
818,4.076544,2.484224,1.563648,4.047872
819,7.865344,4.694016,3.142656,7.836672
820,4.28032,2.7136,1.538048,4.251648
821,4.307968,2.729984,1.549312,4.279296
822,4.063232,2.494464,1.540096,4.03456
823,4.190208,2.568192,1.594368,4.16256
824,4.16256,2.587648,1.54624,4.133888
825,4.042752,2.479104,1.534976,4.01408
826,5.702656,2.668544,3.00032,5.668864
827,4.873216,3.273728,1.569792,4.84352
828,4.886528,3.234816,1.622016,4.856832
829,4.20352,2.59072,1.583104,4.173824
830,4.3264,2.7392,1.558528,4.297728
831,4.390912,2.794496,1.56672,4.361216
832,4.64896,3.0464,1.573888,4.620288
833,4.891648,3.209216,1.652736,4.861952
834,4.098048,2.47296,1.595392,4.068352
835,4.303872,2.705408,1.569792,4.2752
836,4.50048,2.907136,1.563648,4.470784
837,4.772864,3.188736,1.554432,4.743168
838,4.78208,3.149824,1.603584,4.753408
839,4.207616,2.494464,1.68448,4.178944
840,4.274176,2.671616,1.574912,4.246528
841,7.238656,2.572288,4.632576,7.204864
842,4.54144,2.946048,1.563648,4.509696
843,4.77184,3.18464,1.557504,4.742144
844,4.57216,2.878464,1.666048,4.544512
845,4.866048,3.16416,1.67424,4.8384
846,4.644864,2.95424,1.662976,4.617216
847,4.783104,3.08224,1.672192,4.754432
848,9.038848,5.929984,3.079168,9.009152
849,4.9152,3.325952,1.5616,4.887552
850,4.233216,2.507776,1.695744,4.20352
851,4.661248,3.074048,1.558528,4.632576
852,4.206592,2.630656,1.547264,4.17792
853,4.877312,3.284992,1.562624,4.847616
854,4.686848,3.078144,1.580032,4.658176
855,9.800704,4.783104,4.985856,9.76896
856,4.982784,3.396608,1.55136,4.947968
857,4.926464,3.320832,1.569792,4.890624
858,4.337664,2.731008,1.579008,4.310016
859,4.845568,3.131392,1.685504,4.816896
860,4.70528,3.026944,1.64864,4.675584
861,4.724736,3.008512,1.686528,4.69504
862,9.489408,6.203392,3.258368,9.46176
863,4.785152,3.109888,1.644544,4.754432
864,4.665344,3.021824,1.613824,4.635648
865,4.25984,2.633728,1.59744,4.231168
866,4.10112,2.502656,1.568768,4.071424
867,4.549632,2.941952,1.57696,4.518912
868,4.844544,3.239936,1.575936,4.815872
869,4.808704,3.202048,1.57696,4.779008
870,4.232192,2.548736,1.654784,4.20352
871,4.355072,2.620416,1.703936,4.324352
872,4.108288,2.505728,1.573888,4.079616
873,4.702208,3.103744,1.569792,4.673536
874,4.9408,3.296256,1.615872,4.912128
875,4.555776,2.778112,1.747968,4.52608
876,4.258816,2.614272,1.615872,4.230144
877,8.083456,4.87936,3.175424,8.054784
878,4.353024,2.660352,1.665024,4.325376
879,4.216832,2.52416,1.662976,4.187136
880,4.488192,2.87232,1.586176,4.458496
881,4.719616,3.113984,1.57696,4.690944
882,4.619264,3.023872,1.567744,4.591616
883,4.891648,3.216384,1.647616,4.864
884,10.112,5.159936,4.919296,10.079232
885,4.39296,2.761728,1.595392,4.35712
886,4.626432,3.013632,1.581056,4.594688
887,4.600832,2.966528,1.604608,4.571136
888,4.892672,3.265536,1.599488,4.865024
889,4.794368,3.170304,1.596416,4.76672
890,4.75648,2.96448,1.763328,4.727808
891,5.112832,3.467264,1.616896,5.08416
892,4.322304,2.691072,1.60256,4.293632
893,4.25472,2.537472,1.687552,4.225024
894,4.253696,2.533376,1.691648,4.225024
895,4.786176,3.162112,1.596416,4.758528
896,5.005312,3.380224,1.59744,4.977664
897,5.057536,3.410944,1.616896,5.02784
898,4.601856,2.970624,1.601536,4.57216
899,4.257792,2.58048,1.64864,4.22912
900,4.435968,2.660352,1.74592,4.406272
901,4.168704,2.5088,1.631232,4.140032
902,4.400128,2.770944,1.600512,4.371456
903,4.323328,2.668544,1.626112,4.294656
904,4.156416,2.523136,1.604608,4.127744
905,4.407296,2.753536,1.626112,4.379648
906,9.094144,4.426752,4.631552,9.058304
907,4.281344,2.642944,1.605632,4.248576
908,4.463616,2.803712,1.62816,4.431872
909,4.33664,2.589696,1.711104,4.3008
910,4.426752,2.791424,1.606656,4.39808
911,4.323328,2.668544,1.625088,4.293632
912,4.310016,2.548736,1.732608,4.281344
913,7.984128,6.2464,1.70496,7.95136
914,4.707328,2.91328,1.764352,4.677632
915,4.320256,2.669568,1.62304,4.292608
916,4.34176,2.66752,1.645568,4.313088
917,4.333568,2.695168,1.610752,4.30592
918,4.953088,3.303424,1.619968,4.923392
919,7.691264,2.8416,4.814848,7.656448
920,4.414464,2.750464,1.636352,4.386816
921,5.030912,3.356672,1.646592,5.003264
922,4.75136,3.081216,1.640448,4.721664
923,4.58752,2.921472,1.636352,4.557824
924,4.890624,3.227648,1.635328,4.862976
925,5.03808,3.38944,1.620992,5.010432
926,8.312832,4.450304,3.832832,8.283136
927,4.419584,2.722816,1.668096,4.390912
928,4.337664,2.557952,1.75104,4.308992
929,4.666368,2.916352,1.72032,4.636672
930,5.060608,3.410944,1.620992,5.031936
931,4.891648,3.229696,1.634304,4.864
932,9.229312,5.946368,3.253248,9.199616
933,4.28544,2.622464,1.634304,4.256768
934,4.22912,2.556928,1.64352,4.200448
935,4.434944,2.774016,1.631232,4.405248
936,4.44416,2.75456,1.661952,4.416512
937,4.61824,2.793472,1.796096,4.589568
938,4.789248,3.023872,1.737728,4.7616
939,5.859328,2.733056,3.098624,5.83168
940,4.93568,3.247104,1.659904,4.907008
941,4.245504,2.58048,1.635328,4.215808
942,4.631552,2.84672,1.75616,4.60288
943,4.989952,3.260416,1.6896,4.950016
944,4.896768,3.226624,1.635328,4.861952
945,8.172544,2.893824,5.24288,8.136704
946,4.443136,2.627584,1.779712,4.407296
947,4.53632,2.864128,1.634304,4.498432
948,4.483072,2.710528,1.734656,4.445184
949,5.206016,3.5328,1.637376,5.170176
950,4.967424,3.288064,1.641472,4.929536
951,4.429824,2.628608,1.765376,4.393984
952,9.401344,6.044672,3.318784,9.363456
953,4.502528,2.812928,1.656832,4.46976
954,4.458496,2.668544,1.753088,4.421632
955,4.647936,2.859008,1.753088,4.612096
956,4.862976,3.0464,1.780736,4.827136
957,4.769792,3.085312,1.654784,4.740096
958,4.31616,2.639872,1.646592,4.286464
959,4.939776,3.260416,1.645568,4.905984
960,4.318208,2.632704,1.64864,4.281344
961,4.276224,2.601984,1.6384,4.240384
962,4.502528,2.7904,1.676288,4.466688
963,4.49536,2.7904,1.667072,4.457472
964,5.040128,3.336192,1.667072,5.003264
965,9.509888,4.48,4.994048,9.474048
966,4.462592,2.743296,1.686528,4.429824
967,4.467712,2.7648,1.67424,4.43904
968,4.646912,2.865152,1.754112,4.619264
969,5.070848,3.392512,1.64864,5.041152
970,4.416512,2.726912,1.659904,4.386816
971,4.545536,2.844672,1.672192,4.516864
972,5.025792,3.321856,1.675264,4.99712
973,4.533248,2.735104,1.768448,4.503552
974,4.934656,3.083264,1.821696,4.90496
975,4.975616,3.294208,1.652736,4.946944
976,5.09952,3.41504,1.655808,5.070848
977,4.518912,2.824192,1.666048,4.49024
978,4.446208,2.622464,1.795072,4.417536
979,9.353216,6.122496,3.201024,9.32352
980,4.634624,2.940928,1.666048,4.606976
981,5.17632,3.354624,1.793024,5.147648
982,5.004288,3.29728,1.676288,4.973568
983,4.785152,2.987008,1.7664,4.753408
984,4.560896,2.7648,1.7664,4.5312
985,7.330816,4.08576,3.217408,7.303168
986,4.473856,2.791424,1.654784,4.446208
987,4.54144,2.82624,1.686528,4.512768
988,4.576256,2.753536,1.794048,4.547584
989,4.709376,2.883584,1.796096,4.67968
990,5.010432,3.324928,1.657856,4.982784
991,4.516864,2.82112,1.665024,4.486144
992,5.170176,3.473408,1.664,5.137408
993,4.368384,2.681856,1.657856,4.339712
994,4.94592,3.151872,1.7664,4.918272
995,5.182464,3.470336,1.682432,5.152768
996,4.545536,2.85184,1.664,4.51584
997,4.302848,2.609152,1.665024,4.274176
998,5.95456,2.857984,3.06688,5.924864
999,4.369408,2.65728,1.678336,4.335616
1000,5.178368,3.458048,1.683456,5.141504
1001,4.468736,2.746368,1.692672,4.43904
1002,4.499456,2.786304,1.681408,4.467712
1003,4.957184,3.2512,1.676288,4.927488
1004,4.36224,2.65216,1.680384,4.332544
1005,9.587712,5.716992,3.835904,9.552896
1006,4.626432,2.916352,1.676288,4.59264
1007,4.538368,2.82112,1.688576,4.509696
1008,5.195776,3.451904,1.71008,5.161984
1009,5.090304,3.262464,1.799168,5.061632
1010,4.630528,2.917376,1.68448,4.601856
1011,4.563968,2.845696,1.6896,4.535296
1012,4.578304,2.868224,1.675264,4.543488
1013,4.397056,2.651136,1.716224,4.36736
1014,4.491264,2.7648,1.697792,4.462592
1015,4.548608,2.835456,1.683456,4.518912
1016,4.463616,2.75456,1.67936,4.43392
1017,4.440064,2.646016,1.7664,4.412416
1018,9.222144,5.953536,3.238912,9.192448
1019,4.590592,2.861056,1.701888,4.562944
1020,5.081088,3.291136,1.76128,5.052416
1021,4.791296,3.06688,1.693696,4.760576
1022,4.630528,2.884608,1.717248,4.601856
1023,4.599808,2.865152,1.707008,4.57216
1024,4.461568,2.707456,1.724416,4.431872
1025,7.420928,4.096,3.296256,7.392256
1026,5.206016,3.477504,1.695744,5.173248
1027,4.61312,2.88256,1.700864,4.583424
1028,4.635648,2.80576,1.801216,4.606976
1029,5.123072,3.38944,1.70496,5.0944
1030,5.159936,3.42528,1.70496,5.13024
1031,4.615168,2.876416,1.711104,4.58752
1032,4.84864,3.10272,1.71008,4.8128
1033,4.647936,2.758656,1.859584,4.61824
1034,4.917248,3.181568,1.707008,4.888576
1035,4.406272,2.675712,1.700864,4.376576
1036,5.20704,3.465216,1.714176,5.179392
1037,4.55168,2.803712,1.719296,4.523008
1038,10.279936,6.663168,3.581952,10.24512
1039,4.603904,2.834432,1.736704,4.571136
1040,4.676608,2.83648,1.810432,4.646912
1041,4.83328,3.068928,1.726464,4.795392
1042,4.530176,2.692096,1.806336,4.498432
1043,4.493312,2.729984,1.733632,4.463616
1044,4.721664,2.814976,1.878016,4.692992
1045,6.063104,2.876416,3.152896,6.029312
1046,4.868096,3.095552,1.743872,4.839424
1047,5.203968,3.447808,1.726464,5.174272
1048,4.571136,2.798592,1.743872,4.542464
1049,5.047296,3.278848,1.7408,5.019648
1050,5.076992,3.313664,1.733632,5.047296
1051,10.164224,6.493184,3.6352,10.128384
1052,4.652032,2.807808,1.815552,4.62336
1053,4.429824,2.699264,1.69984,4.399104
1054,5.091328,3.218432,1.844224,5.062656
1055,5.011456,3.252224,1.731584,4.983808
1056,4.686848,2.92864,1.729536,4.658176
1057,9.510912,4.890624,4.59264,9.483264
1058,5.060608,3.313664,1.713152,5.026816
1059,4.878336,2.909184,1.94048,4.849664
1060,5.414912,3.656704,1.727488,5.384192
1061,4.573184,2.67776,1.865728,4.543488
1062,4.478976,2.69824,1.752064,4.450304
1063,4.692992,2.801664,1.861632,4.663296
1064,8.010752,4.670464,3.310592,7.981056
1065,4.9152,3.155968,1.731584,4.887552
1066,4.438016,2.68288,1.726464,4.409344
1067,4.918272,3.172352,1.718272,4.890624
1068,4.685824,2.880512,1.775616,4.656128
1069,5.170176,3.162112,1.979392,5.141504
1070,4.78208,3.007488,1.739776,4.747264
1071,4.815872,3.050496,1.73568,4.786176
1072,4.61312,2.686976,1.896448,4.583424
1073,4.977664,3.2256,1.723392,4.948992
1074,4.470784,2.714624,1.726464,4.441088
1075,4.61824,2.843648,1.744896,4.588544
1076,4.564992,2.676736,1.85856,4.535296
1077,4.745216,2.968576,1.741824,4.7104
1078,4.995072,3.172352,1.794048,4.9664
1079,4.436992,2.683904,1.724416,4.40832
1080,4.513792,2.742272,1.742848,4.48512
1081,5.23776,3.469312,1.738752,5.208064
1082,4.841472,3.05152,1.76128,4.8128
1083,6.199296,2.691072,3.478528,6.1696
1084,5.332992,3.523584,1.765376,5.28896
1085,4.749312,2.976768,1.742848,4.719616
1086,4.898816,2.701312,2.168832,4.870144
1087,10.19904,4.732928,5.43744,10.170368
1088,4.943872,3.175424,1.739776,4.9152
1089,4.514816,2.681856,1.80224,4.484096
1090,4.803584,3.006464,1.768448,4.774912
1091,4.737024,2.946048,1.76128,4.707328
1092,4.927488,2.717696,2.18112,4.898816
1093,4.658176,2.874368,1.75616,4.630528
1094,4.492288,2.714624,1.748992,4.463616
1095,4.712448,2.91328,1.770496,4.683776
1096,10.463232,5.019648,5.408768,10.428416
1097,4.993024,3.204096,1.755136,4.959232
1098,4.61312,2.833408,1.750016,4.583424
1099,5.28384,3.493888,1.76128,5.255168
1100,4.745216,2.92352,1.792,4.71552
1101,4.612096,2.80576,1.778688,4.584448
1102,4.755456,2.717696,2.010112,4.727808
1103,5.141504,3.121152,1.983488,5.10464
1104,4.845568,3.05664,1.76128,4.81792
1105,4.901888,2.725888,2.147328,4.873216
1106,4.947968,3.173376,1.746944,4.92032
1107,4.784128,2.991104,1.763328,4.754432
1108,4.723712,2.916352,1.777664,4.694016
1109,10.934272,7.032832,3.867648,10.90048
1110,4.918272,2.726912,2.158592,4.885504
1111,4.598784,2.722816,1.847296,4.570112
1112,4.984832,3.193856,1.76128,4.955136
1113,4.511744,2.709504,1.772544,4.482048
1114,4.851712,2.944,1.878016,4.822016
1115,10.755072,5.984256,4.736,10.720256
1116,5.010432,3.208192,1.769472,4.977664
1117,4.78208,2.983936,1.769472,4.753408
1118,4.779008,2.9184,1.830912,4.749312
1119,5.342208,3.550208,1.764352,5.31456
1120,4.538368,2.726912,1.783808,4.51072
1121,4.85888,2.988032,1.841152,4.829184
1122,4.6592,2.829312,1.796096,4.625408
1123,5.267456,3.465216,1.774592,5.239808
1124,4.836352,2.946048,1.860608,4.806656
1125,5.475328,3.675136,1.77152,5.446656
1126,4.657152,2.7904,1.83808,4.62848
1127,4.595712,2.735104,1.831936,4.56704
1128,5.046272,2.681856,2.331648,5.013504
1129,4.534272,2.746368,1.759232,4.5056
1130,5.013504,3.212288,1.772544,4.984832
1131,5.110784,3.301376,1.779712,5.081088
1132,4.58752,2.778112,1.779712,4.557824
1133,4.883456,2.750464,2.103296,4.85376
1134,9.55392,6.470656,3.049472,9.520128
1135,5.013504,3.22048,1.764352,4.984832
1136,4.938752,3.130368,1.780736,4.911104
1137,5.123072,2.989056,2.10432,5.093376
1138,5.521408,3.71712,1.775616,5.492736
1139,4.757504,2.724864,2.003968,4.728832
1140,4.963328,2.732032,2.2016,4.933632
1141,5.229568,3.20512,1.990656,5.195776
1142,4.555776,2.745344,1.78176,4.527104
1143,4.950016,2.746368,2.173952,4.92032
1144,5.23264,3.426304,1.77664,5.202944
1145,4.892672,2.992128,1.871872,4.864
1146,5.541888,3.708928,1.803264,5.512192
1147,9.947136,6.77888,3.140608,9.919488
1148,5.410816,3.588096,1.792,5.380096
1149,4.796416,2.963456,1.805312,4.768768
1150,5.494784,3.648512,1.815552,5.464064
1151,4.8384,2.860032,1.947648,4.80768
1152,5.167104,3.291136,1.847296,5.138432
1153,12.717056,6.532096,6.152192,12.684288
1154,5.0688,3.233792,1.805312,5.039104
1155,4.8896,3.055616,1.804288,4.859904
1156,5.051392,2.751488,2.270208,5.021696
1157,5.061632,3.222528,1.810432,5.03296
1158,4.569088,2.750464,1.789952,4.540416
1159,9.838592,4.67456,5.129216,9.803776
1160,4.589568,2.756608,1.799168,4.555776
1161,4.617216,2.78016,1.80736,4.58752
1162,5.066752,3.244032,1.794048,5.03808
1163,4.7872,2.946048,1.81248,4.758528
1164,4.841472,2.9696,1.844224,4.813824
1165,5.32992,3.328,1.973248,5.301248
1166,5.256192,3.195904,2.03264,5.228544
1167,4.77696,2.746368,2.000896,4.747264
1168,4.673536,2.763776,1.881088,4.644864
1169,5.076992,3.243008,1.806336,5.049344
1170,5.306368,3.444736,1.831936,5.276672
1171,4.748288,2.889728,1.830912,4.72064
1172,7.564288,3.525632,4.009984,7.535616
1173,4.854784,3.00544,1.819648,4.825088
1174,5.444608,3.601408,1.814528,5.415936
1175,5.112832,3.013632,2.071552,5.085184
1176,5.372928,3.545088,1.799168,5.344256
1177,5.01248,2.985984,1.995776,4.98176
1178,9.668608,6.397952,3.24096,9.638912
1179,5.04832,2.782208,2.23232,5.014528
1180,4.603904,2.770944,1.804288,4.575232
1181,4.960256,2.767872,2.163712,4.931584
1182,4.76672,2.922496,1.815552,4.738048
1183,5.111808,3.27168,1.811456,5.083136
1184,5.136384,3.28192,1.824768,5.106688
1185,8.441856,3.24608,5.16096,8.40704
1186,5.093376,3.249152,1.814528,5.06368
1187,4.687872,2.79552,1.86368,4.6592
1188,5.103616,3.269632,1.805312,5.074944
1189,4.862976,3.0208,1.81248,4.83328
1190,5.107712,3.006464,2.071552,5.078016
1191,8.469504,5.132288,3.308544,8.440832
1192,4.7872,2.93888,1.814528,4.753408
1193,5.179392,3.135488,2.016256,5.151744
1194,5.175296,3.324928,1.820672,5.1456
1195,4.999168,3.142656,1.828864,4.97152
1196,5.248,3.245056,1.974272,5.219328
1197,11.021312,6.54336,4.445184,10.988544
1198,4.908032,3.023872,1.850368,4.87424
1199,5.607424,3.739648,1.83808,5.577728
1200,4.924416,3.069952,1.825792,4.895744
1201,5.131264,3.248128,1.855488,5.103616
1202,4.644864,2.797568,1.819648,4.617216
1203,5.080064,2.80064,2.250752,5.051392
1204,5.116928,3.250176,1.839104,5.08928
1205,4.67456,2.808832,1.836032,4.644864
1206,5.132288,3.26656,1.837056,5.103616
1207,4.913152,3.03616,1.849344,4.885504
1208,5.097472,3.038208,2.030592,5.0688
1209,5.407744,3.525632,1.854464,5.380096
1210,9.86112,4.2752,5.557248,9.832448
1211,8.46336,3.030016,5.399552,8.429568
1212,4.896768,2.827264,2.039808,4.867072
1213,5.543936,3.670016,1.846272,5.516288
1214,5.486592,3.613696,1.8432,5.456896
1215,5.262336,3.395584,1.83808,5.233664
1216,10.473472,4.783104,5.659648,10.442752
1217,5.285888,3.250176,2.002944,5.25312
1218,4.658176,2.794496,1.836032,4.630528
1219,5.03296,2.822144,2.182144,5.004288
1220,5.122048,2.962432,2.130944,5.093376
1221,5.07392,3.18976,1.855488,5.045248
1222,5.023744,3.063808,1.929216,4.993024
1223,5.230592,3.345408,1.850368,5.195776
1224,5.075968,2.82624,2.220032,5.046272
1225,5.494784,3.62496,1.839104,5.464064
1226,4.928512,2.975744,1.924096,4.89984
1227,5.562368,3.670016,1.864704,5.53472
1228,8.650752,3.662848,4.960256,8.623104
1229,5.264384,3.365888,1.86368,5.229568
1230,5.133312,3.255296,1.849344,5.10464
1231,5.440512,3.556352,1.854464,5.410816
1232,4.698112,2.818048,1.851392,4.66944
1233,4.690944,2.81088,1.852416,4.663296
1234,10.2912,6.322176,3.939328,10.261504
1235,5.556224,3.618816,1.903616,5.522432
1236,4.97664,3.086336,1.861632,4.947968
1237,5.182464,3.300352,1.854464,5.154816
1238,4.704256,2.832384,1.8432,4.675584
1239,5.164032,3.286016,1.849344,5.13536
1240,8.300544,2.827264,5.445632,8.272896
1241,4.970496,2.859008,2.075648,4.934656
1242,5.151744,3.233792,1.890304,5.124096
1243,5.092352,3.195904,1.867776,5.06368
1244,5.403648,3.161088,2.212864,5.373952
1245,5.18144,3.300352,1.850368,5.15072
1246,5.131264,3.237888,1.864704,5.102592
1247,4.719616,2.828288,1.862656,4.690944
1248,5.15072,3.277824,1.8432,5.121024
1249,5.184512,3.286016,1.869824,5.15584
1250,4.83328,2.835456,1.969152,4.804608
1251,5.161984,2.814976,2.312192,5.127168
1252,10.005504,4.907008,5.069824,9.976832
1253,4.985856,3.06688,1.882112,4.948992
1254,5.581824,3.692544,1.859584,5.552128
1255,4.864,2.945024,1.891328,4.836352
1256,4.952064,3.052544,1.870848,4.923392
1257,5.630976,3.724288,1.87904,5.603328
1258,4.826112,2.84672,1.951744,4.798464
1259,5.040128,3.144704,1.865728,5.010432
1260,5.083136,3.161088,1.892352,5.05344
1261,5.456896,3.564544,1.86368,5.428224
1262,4.753408,2.840576,1.88416,4.724736
1263,5.1968,3.301376,1.866752,5.168128
1264,4.744192,2.842624,1.871872,4.714496
1265,9.248768,4.712448,4.5056,9.218048
1266,6.465536,4.508672,1.92,6.428672
1267,5.137408,3.186688,1.922048,5.108736
1268,5.705728,3.77344,1.90464,5.67808
1269,5.07904,3.16416,1.886208,5.050368
1270,5.297152,3.33824,1.931264,5.269504
1271,12.249088,6.641664,5.577728,12.219392
1272,4.815872,2.857984,1.92512,4.783104
1273,4.98176,3.049472,1.902592,4.952064
1274,5.257216,3.347456,1.881088,5.228544
1275,5.230592,3.313664,1.887232,5.200896
1276,5.28384,3.371008,1.882112,5.25312
1277,4.859904,2.857984,1.972224,4.830208
1278,5.168128,3.26144,1.878016,5.139456
1279,5.266432,3.34848,1.88928,5.23776
1280,5.25312,3.33824,1.887232,5.225472
1281,5.23264,3.323904,1.87904,5.202944
1282,10.806272,5.044224,5.730304,10.774528
1283,4.883456,2.88256,1.968128,4.850688
1284,4.76672,2.868224,1.870848,4.739072
1285,5.36064,3.451904,1.87904,5.330944
1286,5.239808,3.038208,2.171904,5.210112
1287,5.36576,3.443712,1.892352,5.336064
1288,9.15968,5.549056,3.57888,9.127936
1289,5.231616,3.313664,1.88416,5.197824
1290,5.23264,2.874368,2.330624,5.204992
1291,4.82816,2.881536,1.916928,4.798464
1292,5.266432,3.349504,1.886208,5.235712
1293,4.89984,2.873344,1.9968,4.870144
1294,9.836544,6.695936,3.11296,9.808896
1295,5.249024,3.335168,1.886208,5.221376
1296,4.803584,2.876416,1.897472,4.773888
1297,5.27872,3.350528,1.898496,5.249024
1298,4.877312,2.889728,1.959936,4.849664
1299,5.540864,3.613696,1.898496,5.512192
1300,5.43232,3.50208,1.901568,5.403648
1301,4.830208,2.896896,1.90464,4.801536
1302,4.820992,2.888704,1.903616,4.79232
1303,5.510144,3.373056,2.107392,5.480448
1304,5.156864,3.192832,1.93536,5.128192
1305,5.075968,3.145728,1.901568,5.047296
1306,5.351424,3.349504,1.974272,5.323776
1307,5.608448,3.667968,1.910784,5.578752
1308,5.654528,3.610624,2.015232,5.625856
1309,5.733376,3.694592,2.010112,5.704704
1310,5.233664,3.2768,1.927168,5.203968
1311,5.287936,3.10272,2.156544,5.259264
1312,6.902784,3.111936,3.761152,6.873088
1313,5.339136,3.386368,1.917952,5.30432
1314,5.272576,2.884608,2.36032,5.244928
1315,5.177344,3.249152,1.897472,5.146624
1316,5.624832,3.67616,1.921024,5.597184
1317,5.220352,3.130368,2.062336,5.192704
1318,5.651456,3.688448,1.934336,5.622784
1319,4.958208,3.013632,1.911808,4.92544
1320,5.298176,3.35872,1.910784,5.269504
1321,5.588992,3.65056,1.908736,5.559296
1322,5.403648,3.408896,1.961984,5.37088
1323,5.357568,2.998272,2.32448,5.322752
1324,10.339328,6.648832,3.659776,10.308608
1325,5.363712,3.403776,1.926144,5.32992
1326,5.318656,3.361792,1.928192,5.289984
1327,4.927488,2.912256,1.985536,4.897792
1328,5.25312,3.309568,1.913856,5.223424
1329,4.847616,2.900992,1.917952,4.818944
1330,11.78112,6.858752,4.893696,11.752448
1331,5.295104,3.127296,2.139136,5.266432
1332,5.3504,3.386368,1.93536,5.321728
1333,5.337088,3.376128,1.932288,5.308416
1334,5.20192,2.92352,2.249728,5.173248
1335,4.864,2.88768,1.946624,4.834304
1336,12.0064,6.409216,5.566464,11.97568
1337,9.603072,7.656448,1.911808,9.568256
1338,4.871168,2.926592,1.915904,4.842496
1339,4.856832,2.905088,1.922048,4.827136
1340,5.069824,3.122176,1.92,5.042176
1341,7.006208,3.39456,3.581952,6.976512
1342,5.169152,3.21536,1.92512,5.14048
1343,5.180416,3.226624,1.92512,5.151744
1344,5.587968,3.628032,1.93024,5.558272
1345,5.665792,3.702784,1.93536,5.638144
1346,5.74976,3.794944,1.926144,5.721088
1347,5.747712,3.792896,1.926144,5.71904
1348,5.352448,3.39968,1.923072,5.322752
1349,5.405696,3.39968,1.97632,5.376
1350,5.487616,3.391488,2.066432,5.45792
1351,5.491712,3.387392,2.074624,5.462016
1352,5.573632,3.407872,2.136064,5.543936
1353,11.649024,5.891072,5.722112,11.613184
1354,5.348352,3.39456,1.924096,5.318656
1355,5.327872,2.924544,2.374656,5.2992
1356,5.00736,2.904064,2.074624,4.978688
1357,4.895744,2.919424,1.947648,4.867072
1358,5.358592,3.387392,1.943552,5.330944
1359,10.384384,4.755456,5.59616,10.351616
1360,5.154816,3.1744,1.951744,5.126144
1361,5.0688,2.962432,2.076672,5.039104
1362,4.963328,2.929664,2.004992,4.934656
1363,5.380096,3.400704,1.949696,5.3504
1364,5.5296,3.565568,1.93536,5.500928
1365,9.938944,4.881408,5.023744,9.905152
1366,5.726208,3.741696,1.953792,5.695488
1367,5.778432,3.794944,1.953792,5.748736
1368,5.629952,3.652608,1.947648,5.600256
1369,5.702656,3.736576,1.937408,5.673984
1370,5.691392,3.721216,1.94048,5.661696
1371,5.388288,3.41504,1.939456,5.354496
1372,5.182464,2.944,2.208768,5.152768
1373,4.92032,2.936832,1.954816,4.891648
1374,5.394432,3.428352,1.937408,5.36576
1375,5.358592,2.947072,2.382848,5.32992
1376,4.926464,2.952192,1.946624,4.898816
1377,5.563392,3.44064,2.089984,5.530624
1378,5.1456,2.940928,2.176,5.116928
1379,4.946944,2.944,1.974272,4.918272
1380,5.399552,3.423232,1.9456,5.368832
1381,5.433344,3.412992,1.990656,5.403648
1382,5.001216,2.957312,2.014208,4.97152
1383,5.705728,3.719168,1.95584,5.675008
1384,5.861376,3.856384,1.97632,5.832704
1385,5.388288,3.289088,2.071552,5.36064
1386,5.446656,3.161088,2.256896,5.417984
1387,5.146624,3.109888,2.008064,5.117952
1388,5.131264,3.116032,1.98656,5.102592
1389,5.42208,3.419136,1.969152,5.388288
1390,5.050368,2.953216,2.069504,5.02272
1391,5.215232,3.211264,1.975296,5.18656
1392,5.440512,3.31776,2.09408,5.41184
1393,5.323776,3.316736,1.978368,5.295104
1394,5.579776,3.559424,1.99168,5.551104
1395,5.556224,3.538944,1.98144,5.520384
1396,5.44256,3.433472,1.980416,5.413888
1397,5.43232,3.42528,1.978368,5.403648
1398,5.458944,3.462144,1.968128,5.430272
1399,5.249024,3.232768,1.987584,5.220352
1400,6.991872,3.076096,3.887104,6.9632
1401,5.129216,2.957312,2.142208,5.09952
1402,5.148672,2.950144,2.168832,5.118976
1403,4.99712,2.960384,2.00704,4.967424
1404,4.962304,2.95936,1.974272,4.933632
1405,5.448704,3.44576,1.974272,5.420032
1406,11.974656,6.380544,5.56544,11.945984
1407,5.019648,2.977792,2.013184,4.990976
1408,4.969472,2.94912,1.99168,4.9408
1409,5.479424,3.473408,1.977344,5.450752
1410,5.453824,3.442688,1.982464,5.425152
1411,5.49376,3.459072,2.004992,5.464064
1412,5.055488,2.958336,2.067456,5.025792
1413,5.22752,2.976768,2.221056,5.197824
1414,5.700608,3.63008,2.041856,5.671936
1415,5.787648,3.756032,2.00192,5.757952
1416,5.818368,3.801088,1.987584,5.788672
1417,5.848064,3.811328,2.009088,5.820416
1418,5.469184,2.950144,2.490368,5.440512
1419,5.805056,3.772416,2.002944,5.77536
1420,5.870592,3.848192,1.994752,5.842944
1421,5.448704,3.418112,2.000896,5.419008
1422,5.173248,3.1488,1.994752,5.143552
1423,9.372672,6.490112,2.849792,9.339904
1424,5.786624,3.764224,1.993728,5.757952
1425,5.143552,3.096576,2.018304,5.11488
1426,5.402624,3.380224,1.992704,5.372928
1427,5.61152,3.567616,2.014208,5.581824
1428,5.79584,3.76832,1.997824,5.766144
1429,10.131456,4.414464,5.684224,10.098688
1430,5.407744,3.36384,2.014208,5.378048
1431,5.255168,3.208192,2.019328,5.22752
1432,5.297152,3.221504,2.048,5.269504
1433,5.251072,3.21536,2.006016,5.221376
1434,5.384192,3.336192,2.019328,5.35552
1435,5.553152,3.51744,1.998848,5.516288
1436,5.559296,3.473408,2.056192,5.5296
1437,5.758976,3.715072,2.015232,5.730304
1438,5.886976,3.813376,2.04288,5.856256
1439,5.86752,3.832832,2.004992,5.837824
1440,6.06208,4.000768,2.033664,6.034432
1441,5.506048,3.475456,2.002944,5.4784
1442,5.506048,3.465216,2.01216,5.477376
1443,5.549056,3.488768,2.031616,5.520384
1444,5.586944,3.46624,2.092032,5.558272
1445,5.77024,3.731456,2.010112,5.741568
1446,5.025792,2.992128,2.003968,4.996096
1447,5.789696,3.716096,2.039808,5.755904
1448,5.88288,3.822592,2.030592,5.853184
1449,5.897216,3.805184,2.061312,5.866496
1450,5.08928,3.03104,2.029568,5.060608
1451,5.047296,3.009536,2.009088,5.018624
1452,5.5552,3.493888,2.03264,5.526528
1453,5.789696,3.755008,2.00704,5.762048
1454,5.438464,3.383296,2.02752,5.410816
1455,5.286912,3.229696,2.02752,5.257216
1456,5.901312,3.85536,2.016256,5.871616
1457,5.914624,3.872768,2.013184,5.885952
1458,8.614912,6.45632,2.130944,8.587264
1459,5.746688,3.680256,2.03776,5.718016
1460,5.441536,3.019776,2.39104,5.410816
1461,5.271552,3.009536,2.233344,5.24288
1462,5.462016,3.396608,2.036736,5.433344
1463,5.190656,3.125248,2.030592,5.15584
1464,5.106688,3.023872,2.054144,5.078016
1465,5.134336,3.028992,2.076672,5.105664
1466,5.07392,3.00544,2.039808,5.045248
1467,5.136384,3.014656,2.093056,5.107712
1468,5.623808,3.501056,2.093056,5.594112
1469,5.614592,3.247104,2.332672,5.579776
1470,5.38624,3.337216,2.020352,5.357568
1471,5.773312,3.51744,2.2272,5.74464
1472,5.71904,3.666944,2.0224,5.689344
1473,5.861376,3.78368,2.048,5.83168
1474,5.31968,3.039232,2.251776,5.291008
1475,5.878784,3.823616,2.026496,5.850112
1476,5.597184,3.510272,2.059264,5.569536
1477,5.85216,3.79904,2.025472,5.824512
1478,8.662016,3.026944,5.607424,8.634368
1479,5.871616,3.812352,2.029568,5.84192
1480,5.571584,3.521536,2.021376,5.542912
1481,5.48864,3.42016,2.038784,5.458944
1482,5.738496,3.683328,2.02752,5.710848
1483,5.18656,3.04128,2.115584,5.156864
1484,5.25312,3.16928,2.054144,5.223424
1485,5.574656,3.501056,2.043904,5.54496
1486,5.80608,3.501056,2.276352,5.777408
1487,5.45792,3.356672,2.070528,5.4272
1488,5.579776,3.524608,2.02752,5.552128
1489,11.776,6.955008,4.79232,11.747328
1490,5.10464,3.043328,2.031616,5.074944
1491,5.984256,3.908608,2.045952,5.95456
1492,5.352448,3.267584,2.056192,5.323776
1493,5.530624,3.013632,2.489344,5.502976
1494,7.749632,3.35872,4.361216,7.719936
1495,5.573632,3.50208,2.041856,5.543936
1496,5.43744,3.345408,2.062336,5.407744
1497,5.484544,3.39456,2.062336,5.456896
1498,5.633024,3.24608,2.357248,5.603328
1499,8.653824,3.05152,5.573632,8.625152
1500,5.876736,3.807232,2.039808,5.84704
1501,5.147648,3.058688,2.060288,5.118976
1502,5.146624,3.053568,2.06336,5.116928
1503,5.311488,3.229696,2.05312,5.282816
1504,5.7344,3.542016,2.163712,5.705728
1505,5.469184,3.380224,2.052096,5.43232
1506,5.971968,3.8656,2.076672,5.942272
1507,5.748736,3.666944,2.052096,5.71904
1508,5.629952,3.54816,2.054144,5.602304
1509,5.189632,3.121152,2.039808,5.16096
1510,5.926912,3.750912,2.147328,5.89824
1511,6.009856,3.897344,2.08384,5.981184
1512,5.696512,3.607552,2.060288,5.66784
1513,5.449728,3.362816,2.057216,5.420032
1514,5.61664,3.528704,2.059264,5.587968
1515,7.071744,3.081216,3.96288,7.044096
1516,5.334016,3.213312,2.093056,5.306368
1517,5.745664,3.203072,2.512896,5.715968
1518,5.656576,3.557376,2.070528,5.627904
1519,5.627904,3.540992,2.057216,5.598208
1520,5.192704,3.08736,2.076672,5.164032
1521,5.285888,3.126272,2.123776,5.250048
1522,5.628928,3.542016,2.059264,5.60128
1523,5.819392,3.484672,2.305024,5.789696
1524,5.182464,3.100672,2.05312,5.153792
1525,5.679104,3.555328,2.095104,5.650432
1526,7.866368,4.09088,3.74784,7.83872
1527,10.500096,6.09792,4.374528,10.472448
1528,5.515264,3.412992,2.071552,5.484544
1529,5.330944,3.198976,2.102272,5.301248
1530,5.476352,3.331072,2.115584,5.446656
1531,5.665792,3.56352,2.0736,5.63712
1532,6.068224,3.961856,2.077696,6.039552
1533,5.665792,3.565568,2.072576,5.638144
1534,5.248,3.141632,2.076672,5.218304
1535,5.230592,3.088384,2.112512,5.200896
1536,5.274624,3.086336,2.159616,5.245952
1537,5.252096,3.075072,2.149376,5.224448
1538,5.5296,3.433472,2.067456,5.500928
1539,5.48352,3.330048,2.1248,5.454848
1540,5.449728,3.294208,2.126848,5.421056
1541,5.415936,3.105792,2.280448,5.38624
1542,5.44256,3.09248,2.320384,5.412864
1543,12.860416,7.100416,5.731328,12.831744
1544,5.584896,3.08736,2.468864,5.556224
1545,5.682176,3.56864,2.084864,5.653504
1546,5.556224,3.457024,2.071552,5.528576
1547,5.389312,3.252224,2.107392,5.359616
1548,5.68832,3.325952,2.333696,5.659648
1549,5.265408,3.104768,2.131968,5.236736
1550,6.083584,3.963904,2.091008,6.054912
1551,5.369856,3.258368,2.082816,5.341184
1552,6.104064,3.965952,2.108416,6.074368
1553,6.081536,3.95776,2.096128,6.053888
1554,5.682176,3.56864,2.079744,5.648384
1555,5.326848,3.095552,2.194432,5.289984
1556,5.5552,3.419136,2.106368,5.525504
1557,5.487616,3.270656,2.189312,5.459968
1558,5.875712,3.426304,2.42176,5.848064
1559,5.42208,3.084288,2.310144,5.394432
1560,6.03136,3.908608,2.09408,6.002688
1561,5.623808,3.469312,2.125824,5.595136
1562,5.413888,3.23072,2.153472,5.384192
1563,5.694464,3.57888,2.085888,5.664768
1564,9.050112,3.6352,5.380096,9.015296
1565,5.49888,3.101696,2.367488,5.469184
1566,6.192128,4.04992,2.113536,6.163456
1567,6.050816,3.919872,2.102272,6.022144
1568,5.970944,3.830784,2.112512,5.943296
1569,5.261312,3.090432,2.142208,5.23264
1570,5.55008,3.406848,2.108416,5.515264
1571,5.982208,3.838976,2.11456,5.953536
1572,5.730304,3.593216,2.107392,5.700608
1573,5.254144,3.12832,2.098176,5.226496
1574,5.328896,3.19488,2.10432,5.2992
1575,11.874304,5.499904,6.345728,11.845632
1576,5.477376,3.345408,2.098176,5.443584
1577,5.54496,3.392512,2.123776,5.516288
1578,5.684224,3.552256,2.10432,5.656576
1579,5.731328,3.59936,2.10432,5.70368
1580,10.433536,6.834176,3.571712,10.405888
1581,5.731328,3.597312,2.105344,5.702656
1582,7.092224,4.876288,2.187264,7.063552
1583,6.247424,4.089856,2.127872,6.217728
1584,5.73952,3.605504,2.105344,5.710848
1585,11.241472,7.82848,3.38432,11.2128
1586,6.278144,4.132864,2.11456,6.247424
1587,5.73952,3.60448,2.107392,5.711872
1588,5.430272,3.131392,2.269184,5.400576
1589,6.153216,3.994624,2.128896,6.12352
1590,9.017344,3.59424,5.394432,8.988672
1591,6.002688,3.848192,2.126848,5.97504
1592,5.614592,3.1232,2.461696,5.584896
1593,5.747712,3.601408,2.117632,5.71904
1594,5.899264,3.632128,2.239488,5.871616
1595,5.684224,3.518464,2.138112,5.656576
1596,5.747712,3.59936,2.118656,5.718016
1597,13.589504,8.969216,4.591616,13.560832
1598,5.998592,3.842048,2.127872,5.96992
1599,5.766144,3.620864,2.115584,5.736448
1600,6.0672,3.919872,2.117632,6.037504
1601,5.794816,3.625984,2.13504,5.761024
1602,6.05184,3.8912,2.130944,6.022144
1603,5.549056,3.367936,2.152448,5.520384
1604,5.390336,3.145728,2.215936,5.361664
1605,6.202368,4.033536,2.14016,6.173696
1606,5.766144,3.618816,2.11456,5.733376
1607,5.440512,3.14368,2.269184,5.412864
1608,5.664768,3.470336,2.16576,5.636096
1609,5.655552,3.331072,2.294784,5.625856
1610,5.291008,3.142656,2.118656,5.261312
1611,12.065792,6.44608,5.590016,12.036096
1612,5.784576,3.617792,2.132992,5.750784
1613,5.981184,3.638272,2.31424,5.952512
1614,5.668864,3.49696,2.143232,5.640192
1615,5.622784,3.385344,2.209792,5.595136
1616,7.148544,3.375104,3.744768,7.119872
1617,6.116352,3.92192,2.16064,6.08256
1618,5.756928,3.588096,2.14016,5.728256
1619,5.556224,3.390464,2.137088,5.527552
1620,5.346304,3.176448,2.141184,5.317632
1621,5.443584,3.162112,2.2528,5.414912
1622,12.397568,6.716416,5.648384,12.3648
1623,5.837824,3.652608,2.157568,5.810176
1624,6.054912,3.885056,2.14016,6.025216
1625,5.686272,3.519488,2.137088,5.656576
1626,5.61152,3.402752,2.18112,5.583872
1627,9.084928,5.001216,4.05504,9.056256
1628,6.161408,3.986432,2.146304,6.132736
1629,5.788672,3.361792,2.399232,5.761024
1630,5.53472,3.3536,2.151424,5.505024
1631,5.334016,3.150848,2.154496,5.305344
1632,9.63584,5.373952,4.233216,9.607168
1633,5.842944,3.666944,2.142208,5.809152
1634,5.812224,3.639296,2.144256,5.783552
1635,5.842944,3.656704,2.157568,5.814272
1636,5.658624,3.469312,2.159616,5.628928
1637,5.98016,3.80416,2.147328,5.951488
1638,5.54496,3.186688,2.322432,5.50912
1639,5.764096,3.5328,2.200576,5.733376
1640,6.049792,3.689472,2.332672,6.022144
1641,5.330944,3.147776,2.153472,5.301248
1642,5.328896,3.161088,2.139136,5.300224
1643,9.511936,5.410816,4.068352,9.479168
1644,5.844992,3.654656,2.16064,5.815296
1645,5.849088,3.667968,2.152448,5.820416
1646,5.8368,3.656704,2.1504,5.807104
1647,5.598208,3.304448,2.264064,5.568512
1648,5.692416,3.506176,2.157568,5.663744
1649,5.701632,3.519488,2.147328,5.666816
1650,5.8368,3.639296,2.169856,5.809152
1651,6.213632,4.004864,2.179072,6.183936
1652,5.66784,3.433472,2.205696,5.639168
1653,5.837824,3.234816,2.57536,5.810176
1654,10.585088,4.672512,5.870592,10.543104
1655,5.8624,3.674112,2.15552,5.829632
1656,5.538816,3.33312,2.177024,5.510144
1657,5.85216,3.6608,2.162688,5.823488
1658,5.380096,3.197952,2.153472,5.351424
1659,12.630016,7.445504,5.151744,12.597248
1660,6.211584,4.011008,2.169856,6.180864
1661,5.636096,3.401728,2.205696,5.607424
1662,5.855232,3.667968,2.159616,5.827584
1663,5.38112,3.195904,2.15552,5.351424
1664,11.042816,5.389312,5.623808,11.01312
1665,6.324224,4.097024,2.193408,6.290432
1666,5.85728,3.675136,2.151424,5.82656
1667,5.59616,3.195904,2.371584,5.567488
1668,6.049792,3.608576,2.412544,6.02112
1669,11.341824,5.530624,5.782528,11.313152
1670,5.712896,3.499008,2.180096,5.679104
1671,6.135808,3.945472,2.16064,6.106112
1672,5.750784,3.56864,2.153472,5.722112
1673,5.4528,3.20512,2.217984,5.423104
1674,5.665792,3.201024,2.435072,5.636096
1675,7.361536,4.784128,2.548736,7.332864
1676,5.875712,3.689472,2.157568,5.84704
1677,5.405696,3.21024,2.166784,5.377024
1678,5.599232,3.191808,2.377728,5.569536
1679,5.743616,3.526656,2.189312,5.715968
1680,5.625856,3.201024,2.39104,5.592064
1681,5.8112,3.211264,2.571264,5.782528
1682,5.508096,3.204096,2.274304,5.4784
1683,5.834752,3.552256,2.2528,5.805056
1684,6.1952,3.992576,2.173952,6.166528
1685,6.883328,3.19488,3.659776,6.854656
1686,5.742592,3.52768,2.18624,5.71392
1687,5.57568,3.352576,2.194432,5.547008
1688,6.047744,3.844096,2.173952,6.018048
1689,5.412864,3.219456,2.164736,5.384192
1690,5.426176,3.2256,2.17088,5.39648
1691,5.663744,3.456,2.179072,5.635072
1692,5.896192,3.694592,2.172928,5.86752
1693,6.259712,4.051968,2.179072,6.23104
1694,5.874688,3.684352,2.161664,5.846016
1695,5.75488,3.497984,2.228224,5.726208
1696,5.863424,3.244032,2.584576,5.828608
1697,5.486592,3.232768,2.225152,5.45792
1698,6.24128,4.007936,2.205696,6.213632
1699,5.508096,3.232768,2.245632,5.4784
1700,5.919744,3.69152,2.199552,5.891072
1701,10.415104,6.7072,3.674112,10.381312
1702,6.243328,4.000768,2.21184,6.212608
1703,5.562368,3.226624,2.307072,5.533696
1704,5.953536,3.703808,2.221056,5.924864
1705,5.853184,3.61984,2.204672,5.824512
1706,12.391424,6.281216,6.080512,12.361728
1707,5.919744,3.714048,2.172928,5.886976
1708,5.741568,3.505152,2.20672,5.711872
1709,6.268928,4.051968,2.188288,6.240256
1710,5.80608,3.566592,2.21184,5.778432
1711,6.25152,4.002816,2.210816,6.213632
1712,5.783552,3.47136,2.282496,5.753856
1713,5.94944,3.739648,2.180096,5.919744
1714,5.423104,3.2,2.194432,5.394432
1715,5.905408,3.253248,2.623488,5.876736
1716,10.691584,7.15264,3.510272,10.662912
1717,6.319104,4.082688,2.202624,6.285312
1718,5.824512,3.587072,2.209792,5.796864
1719,5.950464,3.725312,2.195456,5.920768
1720,5.659648,3.236864,2.393088,5.629952
1721,10.394624,5.097472,5.26848,10.365952
1722,5.781504,3.531776,2.22208,5.753856
1723,6.264832,4.002816,2.23232,6.235136
1724,5.691392,3.452928,2.207744,5.660672
1725,5.824512,3.2512,2.54464,5.79584
1726,5.968896,3.729408,2.209792,5.9392
1727,6.213632,3.997696,2.187264,6.18496
1728,5.548032,3.257344,2.26304,5.520384
1729,6.007808,3.241984,2.737152,5.979136
1730,6.354944,4.100096,2.226176,6.326272
1731,5.950464,3.263488,2.659328,5.922816
1732,13.483008,8.134656,5.31968,13.454336
1733,6.105088,3.284992,2.7904,6.075392
1734,5.731328,3.46624,2.236416,5.702656
1735,5.773312,3.493888,2.250752,5.74464
1736,5.84192,3.272704,2.540544,5.813248
1737,12.783616,6.913024,5.839872,12.752896
1738,5.968896,3.728384,2.207744,5.936128
1739,5.542912,3.278848,2.234368,5.513216
1740,6.470656,4.16256,2.280448,6.443008
1741,6.15424,3.91168,2.212864,6.124544
1742,11.134976,6.93248,4.174848,11.107328
1743,5.993472,3.734528,2.225152,5.95968
1744,5.8624,3.61472,2.219008,5.833728
1745,6.249472,4.009984,2.210816,6.2208
1746,5.561344,3.257344,2.275328,5.532672
1747,5.79584,3.269632,2.495488,5.76512
1748,5.766144,3.48672,2.250752,5.737472
1749,6.00576,3.740672,2.236416,5.977088
1750,5.615616,3.262464,2.32448,5.586944
1751,6.46144,4.18304,2.250752,6.433792
1752,6.00064,3.75808,2.212864,5.970944
1753,6.325248,4.056064,2.236416,6.29248
1754,6.013952,3.759104,2.2272,5.986304
1755,6.404096,4.132864,2.243584,6.376448
1756,6.023168,3.741696,2.251776,5.993472
1757,6.463488,4.191232,2.244608,6.43584
1758,6.365184,4.08064,2.249728,6.330368
1759,6.081536,3.817472,2.234368,6.05184
1760,5.569536,3.282944,2.25792,5.540864
1761,6.520832,4.251648,2.240512,6.49216
1762,5.89824,3.403776,2.466816,5.870592
1763,6.441984,4.158464,2.248704,6.407168
1764,6.03136,3.77856,2.224128,6.002688
1765,6.004736,3.28704,2.689024,5.976064
1766,5.844992,3.506176,2.311168,5.817344
1767,9.591808,3.908608,5.645312,9.55392
1768,5.796864,3.500032,2.259968,5.76
1769,5.810176,3.288064,2.49344,5.781504
1770,5.71392,3.429376,2.254848,5.684224
1771,5.549056,3.274752,2.244608,5.51936
1772,10.43456,6.832128,3.57376,10.405888
1773,6.33344,3.904512,2.40128,6.305792
1774,5.814272,3.519488,2.266112,5.7856
1775,6.336512,4.069376,2.23744,6.306816
1776,5.6064,3.284992,2.291712,5.576704
1777,5.896192,3.622912,2.244608,5.86752
1778,6.152192,3.872768,2.250752,6.12352
1779,6.035456,3.298304,2.707456,6.00576
1780,5.962752,3.68128,2.2528,5.93408
1781,6.066176,3.789824,2.246656,6.03648
1782,6.029312,3.729408,2.270208,5.999616
1783,6.055936,3.776512,2.249728,6.02624
1784,5.590016,3.311616,2.248704,5.56032
1785,5.98528,3.300352,2.655232,5.955584
1786,6.445056,4.14208,2.27328,6.41536
1787,11.853824,5.235712,6.58432,11.820032
1788,5.871616,3.460096,2.382848,5.842944
1789,6.05696,3.777536,2.251776,6.029312
1790,6.444032,4.143104,2.27328,6.416384
1791,6.071296,3.777536,2.265088,6.042624
1792,11.925504,5.931008,5.9648,11.895808
1793,6.479872,4.196352,2.254848,6.4512
1794,6.032384,3.328,2.676736,6.004736
1795,6.066176,3.784704,2.251776,6.03648
1796,5.696512,3.325952,2.341888,5.66784
1797,9.9072,4.000768,5.873664,9.874432
1798,5.830656,3.346432,2.454528,5.80096
1799,6.426624,4.132864,2.265088,6.397952
1800,5.812224,3.290112,2.49344,5.783552
1801,6.076416,3.774464,2.271232,6.045696
1802,6.373376,4.079616,2.265088,6.344704
1803,5.656576,3.291136,2.330624,5.62176
1804,6.3744,4.054016,2.291712,6.345728
1805,5.866496,3.525632,2.311168,5.8368
1806,5.924864,3.621888,2.275328,5.897216
1807,8.061952,3.890176,4.143104,8.03328
1808,5.83168,3.480576,2.317312,5.797888
1809,5.87776,3.586048,2.26304,5.849088
1810,5.92896,3.31264,2.587648,5.900288
1811,6.238208,3.584,2.625536,6.209536
1812,5.922816,3.632128,2.262016,5.894144
1813,5.827584,3.511296,2.287616,5.798912
1814,6.100992,3.8144,2.25792,6.07232
1815,5.692416,3.31776,2.345984,5.663744
1816,6.58944,4.281344,2.280448,6.561792
1817,5.868544,3.549184,2.291712,5.840896
1818,5.73952,3.304448,2.400256,5.704704
1819,6.4768,4.175872,2.27328,6.449152
1820,5.680128,3.339264,2.312192,5.651456
1821,6.107136,3.803136,2.275328,6.078464
1822,5.896192,3.585024,2.282496,5.86752
1823,11.441152,6.00576,5.405696,11.411456
1824,6.4512,4.149248,2.274304,6.423552
1825,5.687296,3.32288,2.33472,5.6576
1826,6.099968,3.806208,2.265088,6.071296
1827,6.41024,4.10624,2.274304,6.380544
1828,12.674048,6.982656,5.661696,12.644352
1829,5.933056,3.608576,2.290688,5.899264
1830,6.193152,3.890176,2.274304,6.16448
1831,5.999616,3.700736,2.270208,5.970944
1832,6.068224,3.316736,2.72384,6.040576
1833,7.384064,4.791296,2.56512,7.356416
1834,6.448128,4.115456,2.304,6.419456
1835,5.658624,3.357696,2.272256,5.629952
1836,6.080512,3.331072,2.720768,6.05184
1837,6.413312,4.102144,2.281472,6.383616
1838,12.891136,6.943744,5.91872,12.862464
1839,6.342656,4.040704,2.269184,6.309888
1840,6.11328,3.487744,2.596864,6.084608
1841,6.028288,3.70688,2.291712,5.998592
1842,6.279168,3.972096,2.2784,6.250496
1843,6.429696,4.117504,2.2784,6.395904
1844,6.111232,3.8144,2.26816,6.08256
1845,5.99552,3.687424,2.279424,5.966848
1846,6.387712,4.017152,2.340864,6.358016
1847,6.10304,3.79904,2.275328,6.074368
1848,5.972992,3.64544,2.29376,5.9392
1849,6.142976,3.832832,2.280448,6.11328
1850,5.938176,3.3536,2.556928,5.910528
1851,6.390784,4.067328,2.294784,6.362112
1852,6.042624,3.373056,2.640896,6.013952
1853,12.79488,7.184384,5.5808,12.765184
1854,5.976064,3.349504,2.592768,5.942272
1855,6.33344,4.01408,2.289664,6.303744
1856,6.14912,3.836928,2.282496,6.119424
1857,6.770688,4.44416,2.296832,6.740992
1858,9.419776,4.091904,5.297152,9.389056
1859,5.854208,3.341312,2.485248,5.82656
1860,5.9904,3.662848,2.29888,5.961728
1861,6.203392,3.905536,2.270208,6.175744
1862,5.890048,3.580928,2.280448,5.861376
1863,11.570176,5.752832,5.788672,11.541504
1864,6.489088,4.160512,2.294784,6.455296
1865,6.112256,3.378176,2.706432,6.084608
1866,6.244352,3.934208,2.282496,6.216704
1867,6.315008,3.842048,2.443264,6.285312
1868,6.183936,3.874816,2.280448,6.155264
1869,6.458368,4.13696,2.29376,6.43072
1870,6.418432,4.105216,2.28352,6.388736
1871,5.681152,3.364864,2.287616,5.65248
1872,6.459392,4.146176,2.284544,6.43072
1873,9.485312,6.767616,2.688,9.455616
1874,5.983232,3.627008,2.327552,5.95456
1875,6.185984,3.863552,2.294784,6.158336
1876,5.757952,3.381248,2.348032,5.72928
1877,6.641664,4.306944,2.306048,6.612992
1878,13.179904,7.03488,6.115328,13.150208
1879,5.97504,3.378176,2.568192,5.946368
1880,6.40512,4.083712,2.290688,6.3744
1881,6.501376,4.163584,2.308096,6.47168
1882,9.79968,3.859456,5.912576,9.772032
1883,6.19008,3.877888,2.279424,6.157312
1884,5.876736,3.55328,2.294784,5.848064
1885,6.29248,3.868672,2.395136,6.263808
1886,6.441984,4.094976,2.317312,6.412288
1887,6.610944,4.139008,2.443264,6.582272
1888,6.627328,4.289536,2.308096,6.597632
1889,6.202368,3.872768,2.300928,6.173696
1890,6.235136,3.616768,2.589696,6.206464
1891,6.567936,4.215808,2.323456,6.539264
1892,6.239232,3.439616,2.763776,6.203392
1893,6.265856,3.934208,2.302976,6.237184
1894,6.264832,3.867648,2.368512,6.23616
1895,6.00576,3.657728,2.31936,5.977088
1896,6.189056,3.863552,2.294784,6.158336
1897,6.457344,4.10112,2.321408,6.422528
1898,6.232064,3.83488,2.369536,6.204416
1899,5.970944,3.56352,2.376704,5.940224
1900,6.21056,3.877888,2.302976,6.180864
1901,5.814272,3.397632,2.387968,5.7856
1902,6.217728,3.879936,2.304,6.183936
1903,6.547456,4.206592,2.312192,6.518784
1904,6.228992,3.889152,2.311168,6.20032
1905,5.93408,3.564544,2.33984,5.904384
1906,8.109056,3.898368,4.182016,8.080384
1907,6.270976,3.92704,2.310144,6.237184
1908,6.29248,3.846144,2.41664,6.262784
1909,5.9392,3.580928,2.3296,5.910528
1910,6.239232,3.892224,2.31936,6.211584
1911,6.508544,4.153344,2.325504,6.478848
1912,6.109184,3.401728,2.678784,6.080512
1913,6.424576,3.633152,2.761728,6.39488
1914,6.560768,4.20864,2.323456,6.532096
1915,6.411264,4.046848,2.336768,6.383616
1916,12.992512,8.286208,4.676608,12.962816
1917,6.423552,3.877888,2.515968,6.393856
1918,6.33856,3.765248,2.545664,6.310912
1919,5.774336,3.422208,2.323456,5.745664
1920,6.493184,3.900416,2.562048,6.462464
1921,9.373696,4.114432,5.230592,9.345024
1922,6.05184,3.627008,2.395136,6.022144
1923,5.796864,3.449856,2.317312,5.767168
1924,6.40512,3.88608,2.490368,6.376448
1925,6.4768,4.137984,2.30912,6.447104
1926,11.626496,5.633024,5.9648,11.597824
1927,6.550528,4.199424,2.321408,6.520832
1928,6.203392,3.683328,2.491392,6.17472
1929,5.837824,3.429376,2.378752,5.808128
1930,6.313984,3.903488,2.382848,6.286336
1931,5.895168,3.410944,2.455552,5.866496
1932,6.36928,3.871744,2.46784,6.339584
1933,6.078464,3.536896,2.51392,6.050816
1934,5.961728,3.59424,2.338816,5.933056
1935,6.222848,3.83488,2.359296,6.194176
1936,6.418432,3.9168,2.470912,6.387712
1937,6.605824,4.232192,2.343936,6.576128
1938,5.88288,3.4304,2.423808,5.854208
1939,6.342656,3.902464,2.41152,6.313984
1940,6.040576,3.629056,2.381824,6.01088
1941,6.382592,3.858432,2.494464,6.352896
1942,6.189056,3.692544,2.466816,6.15936
1943,6.035456,3.664896,2.341888,6.006784
1944,6.493184,3.907584,2.555904,6.463488
1945,6.114304,3.68128,2.403328,6.084608
1946,6.414336,3.923968,2.4576,6.381568
1947,6.31296,3.93728,2.347008,6.284288
1948,6.00064,3.453952,2.518016,5.971968
1949,6.007808,3.610624,2.367488,5.978112
1950,6.30272,3.926016,2.347008,6.273024
1951,6.247424,3.682304,2.531328,6.213632
1952,6.569984,4.179968,2.36032,6.540288
1953,6.30784,3.933184,2.345984,6.279168
1954,6.58944,4.094976,2.466816,6.561792
1955,6.286336,3.888128,2.368512,6.25664
1956,5.851136,3.426304,2.390016,5.81632
1957,6.125568,3.740672,2.357248,6.09792
1958,6.614016,4.232192,2.352128,6.58432
1959,6.31296,3.930112,2.354176,6.284288
1960,6.313984,3.935232,2.35008,6.285312
1961,6.313984,3.93216,2.353152,6.285312
1962,6.15424,3.470336,2.654208,6.124544
1963,6.436864,4.051968,2.356224,6.408192
1964,6.437888,3.451904,2.957312,6.409216
1965,6.464512,3.910656,2.521088,6.431744
1966,6.086656,3.470336,2.586624,6.05696
1967,6.116352,3.731456,2.356224,6.08768
1968,6.252544,3.848192,2.374656,6.222848
1969,12.896256,7.30112,5.564416,12.865536
1970,6.745088,4.271104,2.440192,6.711296
1971,6.303744,3.91168,2.362368,6.274048
1972,6.059008,3.441664,2.589696,6.03136
1973,6.2976,3.452928,2.814976,6.267904
1974,7.87968,5.09952,2.747392,7.846912
1975,6.413312,3.699712,2.685952,6.385664
1976,6.079488,3.661824,2.387968,6.049792
1977,6.475776,4.073472,2.372608,6.44608
1978,9.69216,3.935232,5.728256,9.663488
1979,5.889024,3.458048,2.397184,5.855232
1980,6.309888,3.464192,2.816,6.280192
1981,6.162432,3.702784,2.430976,6.13376
1982,6.239232,3.463168,2.747392,6.21056
1983,6.196224,3.800064,2.368512,6.168576
1984,6.147072,3.73248,2.386944,6.119424
1985,5.914624,3.482624,2.403328,5.885952
1986,6.829056,4.407296,2.393088,6.800384
1987,6.362112,3.976192,2.357248,6.33344
1988,6.117376,3.678208,2.402304,6.080512
1989,6.185984,3.463168,2.694144,6.157312
1990,6.421504,3.725312,2.66752,6.392832
1991,5.922816,3.478528,2.413568,5.892096
1992,6.59456,4.166656,2.398208,6.564864
1993,6.57408,3.959808,2.5856,6.545408
1994,6.370304,3.965952,2.37568,6.341632
1995,6.680576,4.263936,2.387968,6.651904
1996,6.503424,4.093952,2.381824,6.475776
1997,8.179712,4.03456,4.114432,8.148992
1998,6.235136,3.787776,2.419712,6.207488
1999,6.38464,3.9168,2.440192,6.356992
2000,6.498304,3.770368,2.700288,6.470656
